League,Season,TeamMatchRows,LeadOpportunities,BehindOpportunities,LevelOpportunities,ProtectedLeads,LeadSlips,LeadCollapses,ComebackWins,RecoveryDraws,DrawBreakthroughs,StateChanges,Points,GoalsFor,GoalsAgainst,AvgSwingIntensity,AvgTotalMatchCards,AvgSecondHalfGoalShare,LeadShieldPct,CollapseExposurePct,LeadCollapsePct,ResilienceRatePct,ComebackWinRatePct,DrawBreakthroughRatePct,StateChangeRatePct,PointsPerMatch,GoalsForPerMatch,GoalsAgainstPerMatch,MatchRows,VolatileMatches,AvgTotalGoals,AvgSecondHalfGoals,AvgSwingIntensityMatchLevel,AvgTotalCards,AvgTotalShots,MatchVolatilityRatePct
English Premier League,2015/16,760.0,212.0,212.0,336.0,159.0,36.0,17.0,17.0,36.0,97.0,300.0,1033.0,1026.0,1026.0,0.8973684210526316,3.2578947368421054,0.5584902298850575,75.0,25.0,8.02,25.0,8.02,28.87,39.47,1.359,1.35,1.35,380,150,2.7,1.4973684210526317,0.8973684210526316,3.2578947368421054,25.707894736842107,39.47
English Premier League,2016/17,760.0,227.0,227.0,306.0,181.0,34.0,12.0,12.0,34.0,103.0,298.0,1056.0,1064.0,1064.0,0.9947368421052631,3.7394736842105263,0.5689951841359774,79.74,20.26,5.29,20.26,5.29,33.66,39.21,1.389,1.4,1.4,380,149,2.8,1.5842105263157895,0.9947368421052631,3.7394736842105263,25.49736842105263,39.21
English Premier League,2017/18,760.0,218.0,218.0,324.0,168.0,32.0,18.0,18.0,32.0,95.0,290.0,1041.0,1018.0,1018.0,0.9973684210526316,3.1473684210526316,0.5874833333333332,77.06,22.94,8.26,22.94,8.26,29.32,38.16,1.37,1.339,1.339,380,145,2.6789473684210527,1.555263157894737,0.9973684210526316,3.1473684210526316,24.44736842105263,38.16
English Premier League,2018/19,760.0,232.0,232.0,296.0,186.0,29.0,17.0,17.0,29.0,106.0,304.0,1069.0,1072.0,1072.0,1.0263157894736843,3.3342105263157893,0.5667801675977654,80.17,19.83,7.33,19.83,7.33,35.81,40.0,1.407,1.411,1.411,380,152,2.8210526315789473,1.568421052631579,1.0263157894736843,3.3342105263157893,25.278947368421054,40.0
English Premier League,2019/20,760.0,240.0,240.0,280.0,176.0,42.0,22.0,22.0,42.0,90.0,308.0,1048.0,1034.0,1034.0,1.0026315789473683,3.471052631578947,0.5550816155988857,73.33,26.67,9.17,26.67,9.17,32.14,40.53,1.379,1.361,1.361,380,154,2.721052631578947,1.4710526315789474,1.0026315789473683,3.471052631578947,24.723684210526315,40.53
English Premier League,2020/21,760.0,227.0,227.0,306.0,179.0,30.0,18.0,18.0,30.0,100.0,296.0,1057.0,1024.0,1024.0,0.9657894736842105,2.9921052631578946,0.5207251428571429,78.85,21.15,7.93,21.15,7.93,32.68,38.95,1.391,1.347,1.347,380,148,2.694736842105263,1.4236842105263159,0.9657894736842105,2.9921052631578946,24.178947368421053,38.95
English Premier League,2021/22,760.0,229.0,229.0,302.0,174.0,37.0,18.0,18.0,37.0,100.0,310.0,1052.0,1071.0,1071.0,1.0605263157894738,3.5105263157894737,0.5593,75.98,24.02,7.86,24.02,7.86,33.11,40.79,1.384,1.409,1.409,380,155,2.818421052631579,1.5447368421052632,1.0605263157894738,3.5105263157894737,25.58421052631579,40.79
English Premier League,2022/23,760.0,234.0,234.0,292.0,178.0,36.0,20.0,20.0,36.0,95.0,302.0,1053.0,1084.0,1084.0,0.9631578947368421,3.6605263157894736,0.526473949579832,76.07,23.93,8.55,23.93,8.55,32.53,39.74,1.386,1.426,1.426,380,151,2.8526315789473684,1.5315789473684212,0.9631578947368421,3.6605263157894736,25.263157894736842,39.74
English Premier League,2023/24,760.0,227.0,227.0,306.0,164.0,39.0,24.0,24.0,39.0,110.0,346.0,1058.0,1246.0,1246.0,1.1552631578947368,4.323684210526316,0.5909062330623306,72.25,27.75,10.57,27.75,10.57,35.95,45.53,1.392,1.639,1.639,380,173,3.278947368421053,1.918421052631579,1.1552631578947368,4.323684210526316,27.58421052631579,45.53
English Premier League,2024/25,760.0,245.0,245.0,270.0,168.0,48.0,29.0,29.0,48.0,90.0,334.0,1047.0,1115.0,1115.0,1.0289473684210526,4.186842105263158,0.5487546703296703,68.57,31.43,11.84,31.43,11.84,33.33,43.95,1.378,1.467,1.467,380,167,2.9342105263157894,1.5710526315789475,1.0289473684210526,4.186842105263158,25.91842105263158,43.95
French Ligue 1,2015/16,760.0,213.0,213.0,334.0,157.0,42.0,14.0,14.0,42.0,101.0,314.0,1032.0,960.0,960.0,0.9894736842105263,4.065789473684211,0.5954450867052024,73.71,26.29,6.57,26.29,6.57,30.24,41.32,1.358,1.263,1.263,380,157,2.526315789473684,1.4631578947368422,0.9894736842105263,4.065789473684211,23.03157894736842,41.32
French Ligue 1,2016/17,758.0,216.0,216.0,326.0,164.0,37.0,15.0,15.0,37.0,106.0,316.0,1043.0,991.0,991.0,1.029023746701847,3.559366754617414,0.5862999999999999,75.93,24.07,6.94,24.07,6.94,32.52,41.69,1.376,1.307,1.307,379,158,2.6147757255936677,1.5356200527704484,1.029023746701847,3.559366754617414,24.034300791556728,41.69
French Ligue 1,2017/18,760.0,215.0,215.0,330.0,159.0,44.0,12.0,12.0,44.0,113.0,338.0,1044.0,1033.0,1033.0,0.9552631578947368,4.065789473684211,0.5480108635097494,73.95,26.05,5.58,26.05,5.58,34.24,44.47,1.374,1.359,1.359,380,169,2.718421052631579,1.4921052631578948,0.9552631578947368,4.065789473684211,24.81578947368421,44.47
French Ligue 1,2018/19,760.0,210.0,210.0,340.0,149.0,46.0,15.0,15.0,46.0,106.0,334.0,1030.0,972.0,972.0,0.95,3.9342105263157894,0.5903485632183908,70.95,29.05,7.14,29.05,7.14,31.18,43.95,1.355,1.279,1.279,380,167,2.557894736842105,1.5289473684210526,0.95,3.9342105263157894,24.67105263157895,43.95
French Ligue 1,2019/20,558.0,161.0,161.0,236.0,114.0,34.0,13.0,13.0,34.0,82.0,258.0,767.0,704.0,704.0,0.9390681003584229,4.053763440860215,0.5448151162790698,70.81,29.19,8.07,29.19,8.07,34.75,46.24,1.375,1.262,1.262,279,129,2.5232974910394264,1.3691756272401434,0.9390681003584229,4.053763440860215,24.333333333333332,46.24
French Ligue 1,2020/21,760.0,248.0,248.0,264.0,184.0,41.0,23.0,23.0,41.0,78.0,284.0,1045.0,1049.0,1049.0,0.9447368421052632,4.144736842105263,0.537675988700565,74.19,25.81,9.27,25.81,9.27,29.55,37.37,1.375,1.38,1.38,380,142,2.7605263157894737,1.486842105263158,0.9447368421052632,4.144736842105263,23.42105263157895,37.37
French Ligue 1,2021/22,760.0,228.0,228.0,304.0,154.0,43.0,31.0,31.0,43.0,93.0,334.0,1038.0,1067.0,1067.0,1.0473684210526315,4.223684210526316,0.5556536516853933,67.54,32.46,13.6,32.46,13.6,30.59,43.95,1.366,1.404,1.404,380,167,2.807894736842105,1.5315789473684212,1.0473684210526315,4.223684210526316,23.986842105263158,43.95
French Ligue 1,2022/23,760.0,237.0,237.0,286.0,175.0,38.0,24.0,24.0,38.0,89.0,302.0,1048.0,1067.0,1067.0,0.9052631578947369,3.65,0.5404974576271186,73.84,26.16,10.13,26.16,10.13,31.12,39.74,1.379,1.404,1.404,380,151,2.807894736842105,1.5,0.9052631578947369,3.65,24.518421052631577,39.74
French Ligue 1,2023/24,612.0,172.0,172.0,268.0,131.0,28.0,13.0,13.0,28.0,81.0,244.0,837.0,826.0,826.0,0.9052287581699346,4.120915032679738,0.5698078853046595,76.16,23.84,7.56,23.84,7.56,30.22,39.87,1.368,1.35,1.35,306,122,2.6993464052287583,1.4934640522875817,0.9052287581699346,4.120915032679738,25.529411764705884,39.87
French Ligue 1,2024/25,612.0,196.0,196.0,220.0,150.0,31.0,15.0,15.0,31.0,79.0,250.0,856.0,911.0,911.0,1.0326797385620916,3.9607843137254903,0.5582390410958904,76.53,23.47,7.65,23.47,7.65,35.91,40.85,1.399,1.489,1.489,306,125,2.977124183006536,1.6666666666666667,1.0326797385620916,3.9607843137254903,24.69281045751634,40.85
German Bundesliga,2015/16,612.0,179.0,179.0,254.0,134.0,30.0,15.0,15.0,30.0,86.0,262.0,847.0,866.0,866.0,1.0620915032679739,3.9215686274509802,0.5507397163120568,74.86,25.14,8.38,25.14,8.38,33.86,42.81,1.384,1.415,1.415,306,131,2.8300653594771243,1.5849673202614378,1.0620915032679739,3.9215686274509802,25.633986928104576,42.81
German Bundesliga,2016/17,612.0,174.0,174.0,264.0,133.0,26.0,15.0,15.0,26.0,84.0,250.0,844.0,877.0,877.0,0.9869281045751634,3.918300653594771,0.5606121951219513,76.44,23.56,8.62,23.56,8.62,31.82,40.85,1.379,1.433,1.433,306,125,2.866013071895425,1.6209150326797386,0.9869281045751634,3.918300653594771,24.895424836601308,40.85
German Bundesliga,2017/18,612.0,197.0,197.0,218.0,144.0,38.0,15.0,15.0,38.0,64.0,234.0,835.0,855.0,855.0,0.9379084967320261,3.522875816993464,0.5474575438596491,73.1,26.9,7.61,26.9,7.61,29.36,38.24,1.364,1.397,1.397,306,117,2.7941176470588234,1.5457516339869282,0.9379084967320261,3.522875816993464,25.19281045751634,38.24
German Bundesliga,2018/19,612.0,188.0,188.0,236.0,148.0,26.0,14.0,14.0,26.0,71.0,222.0,845.0,973.0,973.0,1.1209150326797386,3.5947712418300655,0.5868961937716263,78.72,21.28,7.45,21.28,7.45,30.08,36.27,1.381,1.59,1.59,306,111,3.179738562091503,1.8594771241830066,1.1209150326797386,3.5947712418300655,26.84967320261438,36.27
German Bundesliga,2019/20,612.0,197.0,197.0,218.0,156.0,27.0,14.0,14.0,27.0,68.0,218.0,850.0,982.0,982.0,1.1339869281045751,4.186274509803922,0.5741765306122448,79.19,20.81,7.11,20.81,7.11,31.19,35.62,1.389,1.605,1.605,306,109,3.2091503267973858,1.8594771241830066,1.1339869281045751,4.186274509803922,26.529411764705884,35.62
German Bundesliga,2020/21,612.0,173.0,173.0,266.0,128.0,29.0,16.0,16.0,29.0,81.0,252.0,837.0,928.0,928.0,1.065359477124183,3.7320261437908497,0.5859215277777777,73.99,26.01,9.25,26.01,9.25,30.45,41.18,1.368,1.516,1.516,306,126,3.0326797385620914,1.7058823529411764,1.065359477124183,3.7320261437908497,24.65032679738562,41.18
German Bundesliga,2021/22,612.0,199.0,199.0,214.0,144.0,39.0,16.0,16.0,39.0,73.0,256.0,845.0,954.0,954.0,1.0490196078431373,3.5915032679738563,0.5420786206896552,72.36,27.64,8.04,27.64,8.04,34.11,41.83,1.381,1.559,1.559,306,128,3.1176470588235294,1.6764705882352942,1.0490196078431373,3.5915032679738563,25.718954248366014,41.83
German Bundesliga,2022/23,612.0,192.0,192.0,228.0,146.0,30.0,16.0,16.0,30.0,69.0,230.0,843.0,971.0,971.0,1.026143790849673,4.281045751633987,0.5479910652920962,76.04,23.96,8.33,23.96,8.33,30.26,37.58,1.377,1.587,1.587,306,115,3.173202614379085,1.6862745098039216,1.026143790849673,4.281045751633987,25.287581699346404,37.58
German Bundesliga,2023/24,612.0,195.0,195.0,222.0,140.0,34.0,21.0,21.0,34.0,64.0,238.0,837.0,985.0,985.0,1.091503267973856,4.3202614379084965,0.5338897610921501,71.79,28.21,10.77,28.21,10.77,28.83,38.89,1.368,1.609,1.609,306,119,3.218954248366013,1.7058823529411764,1.091503267973856,4.3202614379084965,27.179738562091504,38.89
German Bundesliga,2024/25,610.0,200.0,200.0,210.0,150.0,35.0,15.0,15.0,35.0,63.0,226.0,838.0,957.0,957.0,0.9770491803278688,4.036065573770492,0.5408141342756183,75.0,25.0,7.5,25.0,7.5,30.0,37.05,1.374,1.569,1.569,305,113,3.137704918032787,1.6721311475409837,0.9770491803278688,4.036065573770492,25.79672131147541,37.05
Italian Serie A,2015/16,760.0,214.0,214.0,332.0,170.0,27.0,17.0,17.0,27.0,98.0,284.0,1045.0,979.0,979.0,0.8842105263157894,5.205263157894737,0.5659997134670488,79.44,20.56,7.94,20.56,7.94,29.52,37.37,1.375,1.288,1.288,380,142,2.5763157894736843,1.4263157894736842,0.8842105263157894,5.205263157894737,25.80263157894737,37.37
Italian Serie A,2016/17,758.0,231.0,231.0,296.0,172.0,39.0,20.0,20.0,39.0,107.0,332.0,1057.0,1120.0,1120.0,1.04221635883905,4.649076517150395,0.5904211111111112,74.46,25.54,8.66,25.54,8.66,36.15,43.8,1.394,1.478,1.478,379,166,2.955145118733509,1.7176781002638521,1.04221635883905,4.649076517150395,26.488126649076516,43.8
Italian Serie A,2017/18,760.0,215.0,215.0,330.0,171.0,28.0,16.0,16.0,28.0,110.0,308.0,1057.0,1017.0,1017.0,0.968421052631579,4.3052631578947365,0.5601903409090908,79.53,20.47,7.44,20.47,7.44,33.33,40.53,1.391,1.338,1.338,380,154,2.6763157894736844,1.4947368421052631,0.968421052631579,4.3052631578947365,25.58157894736842,40.53
Italian Serie A,2018/19,760.0,214.0,214.0,332.0,149.0,49.0,16.0,16.0,49.0,107.0,344.0,1032.0,1019.0,1019.0,0.968421052631579,4.886842105263158,0.587506936416185,69.63,30.37,7.48,30.37,7.48,32.23,45.26,1.358,1.341,1.341,380,172,2.681578947368421,1.5526315789473684,0.968421052631579,4.886842105263158,20.41842105263158,45.26
Italian Serie A,2019/20,760.0,231.0,231.0,298.0,156.0,35.0,40.0,40.0,35.0,99.0,348.0,1055.0,1154.0,1154.0,1.0710526315789475,5.347368421052631,0.5693470752089137,67.53,32.47,17.32,32.47,17.32,33.22,45.79,1.388,1.518,1.518,380,174,3.036842105263158,1.7078947368421054,1.0710526315789475,5.347368421052631,21.147368421052633,45.79
Italian Serie A,2020/21,760.0,235.0,235.0,290.0,174.0,42.0,19.0,19.0,42.0,90.0,302.0,1043.0,1160.0,1160.0,1.0026315789473683,4.573684210526316,0.5787902777777778,74.04,25.96,8.09,25.96,8.09,31.03,39.74,1.372,1.526,1.526,380,151,3.0526315789473686,1.75,1.0026315789473683,4.573684210526316,21.902631578947368,39.74
Italian Serie A,2021/22,760.0,248.0,248.0,264.0,178.0,46.0,24.0,24.0,46.0,80.0,300.0,1042.0,1089.0,1089.0,0.9105263157894737,4.9447368421052635,0.5462072625698323,71.77,28.23,9.68,28.23,9.68,30.3,39.47,1.371,1.433,1.433,380,150,2.8657894736842104,1.568421052631579,0.9105263157894737,4.9447368421052635,25.88157894736842,39.47
Italian Serie A,2022/23,760.0,223.0,223.0,314.0,160.0,46.0,17.0,17.0,46.0,103.0,332.0,1040.0,974.0,974.0,0.9236842105263158,4.686842105263158,0.5596105555555555,71.75,28.25,7.62,28.25,7.62,32.8,43.68,1.368,1.282,1.282,380,166,2.5631578947368423,1.4078947368421053,0.9236842105263158,4.686842105263158,25.38421052631579,43.68
Italian Serie A,2023/24,760.0,223.0,223.0,314.0,156.0,45.0,22.0,22.0,45.0,90.0,314.0,1028.0,992.0,992.0,0.9078947368421053,4.492105263157895,0.5657414285714286,69.96,30.04,9.87,30.04,9.87,28.66,41.32,1.353,1.305,1.305,380,157,2.610526315789474,1.481578947368421,0.9078947368421053,4.492105263157895,25.544736842105262,41.32
Italian Serie A,2024/25,760.0,216.0,216.0,328.0,147.0,45.0,24.0,24.0,45.0,101.0,340.0,1032.0,973.0,973.0,0.9236842105263158,4.018421052631579,0.5706477272727273,68.06,31.94,11.11,31.94,11.11,30.79,44.74,1.358,1.28,1.28,380,170,2.5605263157894735,1.444736842105263,0.9236842105263158,4.018421052631579,24.055263157894736,44.74
Spanish La Liga,2015/16,760.0,237.0,237.0,286.0,183.0,43.0,11.0,11.0,43.0,94.0,296.0,1048.0,1043.0,1043.0,1.0026315789473683,5.5552631578947365,0.5461605633802817,77.22,22.78,4.64,22.78,4.64,32.87,38.95,1.379,1.372,1.372,380,148,2.7447368421052634,1.4973684210526317,1.0026315789473683,5.5552631578947365,23.763157894736842,38.95
Spanish La Liga,2016/17,760.0,216.0,216.0,328.0,171.0,29.0,16.0,16.0,29.0,104.0,298.0,1051.0,1118.0,1118.0,0.9657894736842105,5.228947368421053,0.5891048158640226,79.17,20.83,7.41,20.83,7.41,31.71,39.21,1.383,1.471,1.471,380,149,2.942105263157895,1.6763157894736842,0.9657894736842105,5.228947368421053,23.96315789473684,39.21
Spanish La Liga,2017/18,760.0,221.0,221.0,318.0,183.0,26.0,12.0,12.0,26.0,99.0,274.0,1054.0,1024.0,1024.0,0.9210526315789473,5.205263157894737,0.5679840909090909,82.81,17.19,5.43,17.19,5.43,31.13,36.05,1.387,1.347,1.347,380,137,2.694736842105263,1.5473684210526315,0.9210526315789473,5.205263157894737,23.99736842105263,36.05
Spanish La Liga,2018/19,760.0,218.0,218.0,324.0,140.0,56.0,22.0,22.0,56.0,108.0,372.0,1030.0,983.0,983.0,0.9815789473684211,5.378947368421053,0.5977639204545454,64.22,35.78,10.09,35.78,10.09,33.33,48.95,1.355,1.293,1.293,380,186,2.586842105263158,1.5289473684210526,0.9815789473684211,5.378947368421053,24.307894736842105,48.95
Spanish La Liga,2019/20,760.0,197.0,197.0,366.0,146.0,32.0,19.0,19.0,32.0,110.0,322.0,1035.0,942.0,942.0,0.8736842105263158,5.3578947368421055,0.5904907780979827,74.11,25.89,9.64,25.89,9.64,30.05,42.37,1.362,1.239,1.239,380,161,2.4789473684210526,1.4263157894736842,0.8736842105263158,5.3578947368421055,22.6,42.37
Spanish La Liga,2020/21,760.0,212.0,212.0,336.0,152.0,47.0,13.0,13.0,47.0,106.0,332.0,1031.0,953.0,953.0,0.8736842105263158,4.657894736842105,0.5622597142857143,71.7,28.3,6.13,28.3,6.13,31.55,43.68,1.357,1.254,1.254,380,166,2.5078947368421054,1.3526315789473684,0.8736842105263158,4.657894736842105,21.347368421052632,43.68
Spanish La Liga,2021/22,760.0,205.0,205.0,350.0,149.0,40.0,16.0,16.0,40.0,104.0,320.0,1029.0,951.0,951.0,0.9,5.373684210526315,0.5667017804154303,72.68,27.32,7.8,27.32,7.8,29.71,42.11,1.354,1.251,1.251,380,160,2.5026315789473683,1.4105263157894736,0.9,5.373684210526315,23.55,42.11
Spanish La Liga,2022/23,760.0,207.0,207.0,346.0,160.0,35.0,12.0,12.0,35.0,119.0,332.0,1051.0,955.0,955.0,0.868421052631579,5.373684210526315,0.5663245762711864,77.29,22.71,5.8,22.71,5.8,34.39,43.68,1.383,1.257,1.257,380,166,2.513157894736842,1.394736842105263,0.868421052631579,5.373684210526315,24.623684210526317,43.68
Spanish La Liga,2023/24,760.0,219.0,219.0,322.0,162.0,39.0,18.0,18.0,39.0,93.0,300.0,1033.0,1005.0,1005.0,0.9052631578947369,4.997368421052632,0.5557177650429801,73.97,26.03,8.22,26.03,8.22,28.88,39.47,1.359,1.322,1.322,380,150,2.6447368421052633,1.4473684210526316,0.9052631578947369,4.997368421052632,24.46315789473684,39.47
Spanish La Liga,2024/25,760.0,211.0,211.0,338.0,145.0,43.0,23.0,23.0,43.0,115.0,362.0,1043.0,995.0,995.0,0.9078947368421053,4.686842105263158,0.5709955431754874,68.72,31.28,10.9,31.28,10.9,34.02,47.63,1.372,1.309,1.309,380,181,2.6184210526315788,1.4657894736842105,0.9078947368421053,4.686842105263158,23.692105263157895,47.63
