League,Team,TeamMatchRows,LeadOpportunities,BehindOpportunities,LevelOpportunities,ProtectedLeads,LeadSlips,LeadCollapses,ComebackWins,RecoveryDraws,DrawBreakthroughs,StateChanges,Points,GoalsFor,GoalsAgainst,AvgSwingIntensity,AvgTotalMatchCards,AvgSecondHalfGoalShare,LeadShieldPct,CollapseExposurePct,LeadCollapsePct,ResilienceRatePct,ComebackWinRatePct,DrawBreakthroughRatePct,StateChangeRatePct,PointsPerMatch,GoalsForPerMatch,GoalsAgainstPerMatch,QuadrantEligible,TeamProfileQuadrant
English Premier League,Arsenal,380.0,153.0,81.0,146.0,125.0,22.0,6.0,9.0,20.0,77.0,166.0,712.0,709.0,423.0,1.0868421052631578,3.636842105263158,0.5460290858725761,81.7,18.3,3.92,35.8,11.11,52.74,43.68,1.874,1.866,1.113,1,Complete Competitors
English Premier League,Aston Villa,266.0,82.0,85.0,99.0,59.0,10.0,13.0,5.0,12.0,34.0,108.0,347.0,360.0,401.0,1.0526315789473684,4.195488721804511,0.5752284584980237,71.95,28.05,15.85,20.0,5.88,34.34,40.6,1.305,1.353,1.508,1,Reliable Closers
English Premier League,Bournemouth,304.0,77.0,118.0,109.0,54.0,18.0,5.0,11.0,11.0,30.0,114.0,354.0,390.0,514.0,1.0,3.799342105263158,0.5339513888888889,70.13,29.87,6.49,18.64,9.32,27.52,37.5,1.164,1.283,1.691,1,Fragile Performers
English Premier League,Brentford,152.0,44.0,47.0,61.0,31.0,6.0,7.0,5.0,5.0,18.0,57.0,200.0,228.0,224.0,0.9078947368421053,3.5592105263157894,0.554409219858156,70.45,29.55,15.91,21.28,10.64,29.51,37.5,1.316,1.5,1.474,1,Fragile Performers
English Premier League,Brighton,304.0,83.0,102.0,119.0,57.0,19.0,7.0,7.0,24.0,30.0,121.0,380.0,383.0,432.0,0.9243421052631579,3.5822368421052633,0.5559960144927536,68.67,31.33,8.43,30.39,6.86,25.21,39.8,1.25,1.26,1.421,1,Comeback Hunters
English Premier League,Burnley,266.0,57.0,96.0,113.0,42.0,12.0,3.0,5.0,12.0,26.0,102.0,286.0,271.0,398.0,0.8796992481203008,3.1954887218045114,0.5396114285714286,73.68,26.32,5.26,17.71,5.21,23.01,38.35,1.075,1.019,1.496,1,Reliable Closers
English Premier League,Cardiff,38.0,4.0,16.0,18.0,4.0,0.0,0.0,1.0,0.0,5.0,15.0,34.0,34.0,69.0,1.0526315789473684,3.0789473684210527,0.6245088235294117,100.0,0.0,0.0,6.25,6.25,27.78,39.47,0.895,0.895,1.816,0,Small sample
English Premier League,Chelsea,380.0,149.0,71.0,160.0,117.0,27.0,5.0,10.0,7.0,66.0,154.0,668.0,651.0,439.0,1.0052631578947369,3.9342105263157894,0.5654098314606741,78.52,21.48,3.36,23.94,14.08,41.25,40.53,1.758,1.713,1.155,1,Reliable Closers
English Premier League,Crystal Palace,380.0,94.0,122.0,164.0,68.0,15.0,11.0,8.0,31.0,43.0,174.0,458.0,455.0,542.0,0.9763157894736842,3.7026315789473685,0.6045558739255015,72.34,27.66,11.7,31.97,6.56,26.22,45.79,1.205,1.197,1.426,1,Complete Competitors
English Premier League,Everton,380.0,96.0,104.0,180.0,69.0,18.0,9.0,5.0,17.0,55.0,161.0,490.0,469.0,525.0,0.9578947368421052,3.4921052631578946,0.5606529914529914,71.88,28.12,9.38,21.15,4.81,30.56,42.37,1.289,1.234,1.382,1,Reliable Closers
English Premier League,Fulham,190.0,39.0,71.0,80.0,24.0,12.0,3.0,7.0,7.0,24.0,86.0,207.0,225.0,302.0,0.968421052631579,3.463157894736842,0.5719887005649716,61.54,38.46,7.69,19.72,9.86,30.0,45.26,1.089,1.184,1.589,1,Fragile Performers
English Premier League,Huddersfield,76.0,12.0,32.0,32.0,8.0,2.0,2.0,0.0,4.0,4.0,29.0,53.0,50.0,134.0,1.0657894736842106,3.289473684210526,0.5560362318840579,66.67,33.33,16.67,12.5,0.0,12.5,38.16,0.697,0.658,1.763,0,Small sample
English Premier League,Hull,38.0,5.0,16.0,17.0,3.0,1.0,1.0,2.0,1.0,4.0,17.0,34.0,37.0,80.0,1.4210526315789473,3.3421052631578947,0.7274194444444445,60.0,40.0,20.0,18.75,12.5,23.53,44.74,0.895,0.974,2.105,0,Small sample
English Premier League,Ipswich,38.0,8.0,17.0,13.0,4.0,2.0,2.0,0.0,3.0,0.0,15.0,22.0,36.0,82.0,1.0,4.052631578947368,0.5075324324324324,50.0,50.0,25.0,17.65,0.0,0.0,39.47,0.579,0.947,2.158,0,Small sample
English Premier League,Leeds,114.0,24.0,42.0,48.0,17.0,4.0,3.0,2.0,6.0,15.0,47.0,128.0,152.0,211.0,1.0526315789473684,3.8421052631578947,0.5649018867924528,70.83,29.17,12.5,19.05,4.76,31.25,41.23,1.123,1.333,1.851,1,Fragile Performers
English Premier League,Leicester,342.0,92.0,114.0,136.0,76.0,10.0,6.0,8.0,22.0,45.0,138.0,463.0,504.0,505.0,1.0116959064327486,3.239766081871345,0.5445538461538462,82.61,17.39,6.52,26.32,7.02,33.09,40.35,1.354,1.474,1.477,1,Complete Competitors
English Premier League,Liverpool,380.0,176.0,66.0,138.0,157.0,16.0,3.0,15.0,22.0,65.0,142.0,801.0,808.0,382.0,1.0868421052631578,3.039473684210526,0.534475,89.2,10.8,1.7,56.06,22.73,47.1,37.37,2.108,2.126,1.005,1,Complete Competitors
English Premier League,Luton,38.0,9.0,18.0,11.0,4.0,0.0,5.0,0.0,3.0,2.0,14.0,26.0,52.0,85.0,1.0263157894736843,3.763157894736842,0.6313947368421053,44.44,55.56,55.56,16.67,0.0,18.18,36.84,0.684,1.368,2.237,0,Small sample
English Premier League,Man City,380.0,206.0,56.0,118.0,184.0,14.0,8.0,13.0,10.0,68.0,129.0,853.0,898.0,334.0,1.2026315789473685,3.3657894736842104,0.526437087912088,89.32,10.68,3.88,41.07,23.21,57.63,33.95,2.245,2.363,0.879,1,Complete Competitors
English Premier League,Man United,380.0,138.0,87.0,155.0,117.0,20.0,1.0,15.0,16.0,56.0,150.0,657.0,591.0,438.0,0.9631578947368421,3.721052631578947,0.5641510028653295,84.78,15.22,0.72,35.63,17.24,36.13,39.47,1.729,1.555,1.153,1,Complete Competitors
English Premier League,Middlesbrough,38.0,6.0,15.0,17.0,4.0,2.0,0.0,0.0,1.0,1.0,10.0,28.0,27.0,53.0,0.631578947368421,3.6842105263157894,0.5080645161290324,66.67,33.33,0.0,6.67,0.0,5.88,26.32,0.737,0.711,1.395,0,Small sample
English Premier League,Newcastle,342.0,95.0,98.0,149.0,73.0,15.0,7.0,9.0,15.0,44.0,142.0,461.0,474.0,484.0,1.043859649122807,3.628654970760234,0.5718240625,76.84,23.16,7.37,24.49,9.18,29.53,41.52,1.348,1.386,1.415,1,Reliable Closers
English Premier League,Norwich,114.0,20.0,50.0,44.0,12.0,5.0,3.0,0.0,1.0,7.0,39.0,77.0,88.0,226.0,1.0701754385964912,3.0964912280701755,0.5990317757009346,60.0,40.0,15.0,2.0,0.0,15.91,34.21,0.675,0.772,1.982,1,Fragile Performers
English Premier League,Nott'm Forest,114.0,32.0,32.0,50.0,21.0,6.0,5.0,0.0,7.0,16.0,53.0,139.0,145.0,181.0,1.0526315789473684,4.368421052631579,0.5602297297297297,65.62,34.38,15.62,21.88,0.0,32.0,46.49,1.219,1.272,1.588,1,Fragile Performers
English Premier League,Sheffield United,114.0,19.0,47.0,48.0,14.0,4.0,1.0,2.0,5.0,8.0,48.0,93.0,94.0,206.0,0.9912280701754386,3.2719298245614037,0.5746294642857144,73.68,26.32,5.26,14.89,4.26,16.67,42.11,0.816,0.825,1.807,0,Small sample
English Premier League,Southampton,342.0,95.0,123.0,124.0,55.0,21.0,19.0,5.0,17.0,30.0,138.0,356.0,385.0,564.0,0.9473684210526315,3.307017543859649,0.5245170886075949,57.89,42.11,20.0,17.89,4.07,24.19,40.35,1.041,1.126,1.649,1,Fragile Performers
English Premier League,Stoke,114.0,33.0,39.0,42.0,21.0,8.0,4.0,1.0,5.0,10.0,41.0,128.0,117.0,179.0,0.8947368421052632,3.307017543859649,0.56264,63.64,36.36,12.12,15.38,2.56,23.81,35.96,1.123,1.026,1.57,1,Fragile Performers
English Premier League,Sunderland,76.0,11.0,30.0,35.0,6.0,4.0,1.0,2.0,3.0,7.0,34.0,63.0,77.0,131.0,1.0526315789473684,3.6447368421052633,0.6031263888888888,54.55,45.45,9.09,16.67,6.67,20.0,44.74,0.829,1.013,1.724,0,Small sample
English Premier League,Swansea,114.0,26.0,41.0,47.0,17.0,4.0,5.0,2.0,6.0,13.0,49.0,121.0,115.0,178.0,0.9473684210526315,3.3684210526315788,0.5707438095238095,65.38,34.62,19.23,19.51,4.88,27.66,42.98,1.061,1.009,1.561,1,Fragile Performers
English Premier League,Tottenham,380.0,153.0,97.0,130.0,117.0,20.0,16.0,17.0,18.0,62.0,167.0,660.0,702.0,457.0,1.131578947368421,3.9342105263157894,0.5554783197831978,76.47,23.53,10.46,36.08,17.53,47.69,43.95,1.737,1.847,1.203,1,Complete Competitors
English Premier League,Watford,228.0,49.0,90.0,89.0,34.0,8.0,7.0,3.0,11.0,25.0,90.0,233.0,246.0,382.0,0.9868421052631579,3.543859649122807,0.5600976190476191,69.39,30.61,14.29,15.56,3.33,28.09,39.47,1.022,1.079,1.675,1,Fragile Performers
English Premier League,West Brom,152.0,32.0,52.0,68.0,18.0,9.0,5.0,2.0,8.0,13.0,63.0,145.0,143.0,231.0,0.8223684210526315,3.1578947368421053,0.5422741007194245,56.25,43.75,15.62,19.23,3.85,19.12,41.45,0.954,0.941,1.52,1,Fragile Performers
English Premier League,West Ham,380.0,111.0,121.0,148.0,77.0,21.0,13.0,12.0,19.0,45.0,159.0,496.0,531.0,589.0,1.0315789473684212,3.2657894736842104,0.5545203296703296,69.37,30.63,11.71,25.62,9.92,30.41,41.84,1.305,1.397,1.55,1,Comeback Hunters
English Premier League,Wolves,266.0,61.0,95.0,110.0,44.0,8.0,9.0,12.0,14.0,38.0,116.0,341.0,307.0,373.0,0.9135338345864662,4.026315789473684,0.5787706349206349,72.13,27.87,14.75,27.37,12.63,34.55,43.61,1.282,1.154,1.402,1,Complete Competitors
French Ligue 1,Ajaccio,38.0,3.0,21.0,14.0,2.0,0.0,1.0,2.0,0.0,3.0,12.0,26.0,23.0,74.0,0.868421052631579,4.526315789473684,0.5490514285714286,66.67,33.33,33.33,9.52,9.52,21.43,31.58,0.684,0.605,1.947,0,Small sample
French Ligue 1,Ajaccio GFCO,38.0,9.0,16.0,13.0,6.0,3.0,0.0,0.0,2.0,2.0,10.0,37.0,37.0,58.0,0.7105263157894737,4.026315789473684,0.43619142857142856,66.67,33.33,0.0,12.5,0.0,15.38,26.32,0.974,0.974,1.526,0,Small sample
French Ligue 1,Amiens,104.0,26.0,32.0,46.0,16.0,6.0,4.0,0.0,8.0,9.0,47.0,106.0,99.0,144.0,0.9326923076923077,3.644230769230769,0.5853282608695652,61.54,38.46,15.38,25.0,0.0,19.57,45.19,1.019,0.952,1.385,1,Comeback Hunters
French Ligue 1,Angers,328.0,79.0,119.0,130.0,53.0,16.0,10.0,5.0,16.0,34.0,124.0,361.0,343.0,468.0,0.8963414634146342,3.850609756097561,0.5374533333333333,67.09,32.91,12.66,17.65,4.2,26.15,37.8,1.101,1.046,1.427,1,Fragile Performers
French Ligue 1,Auxerre,72.0,19.0,24.0,29.0,11.0,4.0,4.0,2.0,5.0,6.0,33.0,77.0,83.0,114.0,1.0138888888888888,3.25,0.55,57.89,42.11,21.05,29.17,8.33,20.69,45.83,1.069,1.153,1.583,0,Small sample
French Ligue 1,Bastia,75.0,14.0,17.0,44.0,10.0,4.0,0.0,1.0,1.0,11.0,37.0,84.0,65.0,96.0,0.9466666666666667,4.32,0.6683823529411764,71.43,28.57,0.0,11.76,5.88,25.0,49.33,1.12,0.867,1.28,0,Small sample
French Ligue 1,Bordeaux,256.0,81.0,80.0,95.0,56.0,15.0,10.0,4.0,16.0,21.0,96.0,318.0,324.0,371.0,0.90234375,4.15234375,0.5326681034482759,69.14,30.86,12.35,25.0,5.0,22.11,37.5,1.242,1.266,1.449,1,Comeback Hunters
French Ligue 1,Brest,210.0,61.0,81.0,68.0,46.0,11.0,4.0,8.0,12.0,21.0,73.0,278.0,282.0,307.0,0.8523809523809524,3.947619047619048,0.5157221649484536,75.41,24.59,6.56,24.69,9.88,30.88,34.76,1.324,1.343,1.462,1,Complete Competitors
French Ligue 1,Caen,152.0,27.0,47.0,78.0,20.0,6.0,1.0,0.0,5.0,23.0,68.0,162.0,131.0,223.0,0.8552631578947368,3.763157894736842,0.6035699999999999,74.07,25.93,3.7,10.64,0.0,29.49,44.74,1.066,0.862,1.467,1,Reliable Closers
French Ligue 1,Clermont,110.0,22.0,46.0,42.0,13.0,4.0,5.0,3.0,9.0,15.0,49.0,120.0,109.0,178.0,1.0727272727272728,4.1454545454545455,0.5529892156862746,59.09,40.91,22.73,26.09,6.52,35.71,44.55,1.091,0.991,1.618,1,Comeback Hunters
French Ligue 1,Dijon,180.0,37.0,61.0,82.0,22.0,10.0,5.0,4.0,9.0,15.0,82.0,170.0,184.0,301.0,1.0055555555555555,3.5722222222222224,0.5533384146341463,59.46,40.54,13.51,21.31,6.56,18.29,45.56,0.944,1.022,1.672,1,Fragile Performers
French Ligue 1,Guingamp,152.0,31.0,48.0,73.0,17.0,9.0,5.0,1.0,8.0,24.0,71.0,168.0,169.0,236.0,1.0986842105263157,3.9078947368421053,0.6268769784172661,54.84,45.16,16.13,18.75,2.08,32.88,46.71,1.105,1.112,1.553,1,Fragile Performers
French Ligue 1,Le Havre,68.0,12.0,24.0,32.0,8.0,3.0,1.0,0.0,2.0,9.0,28.0,66.0,74.0,116.0,0.8823529411764706,4.044117647058823,0.606273015873016,66.67,33.33,8.33,8.33,0.0,28.12,41.18,0.971,1.088,1.706,0,Small sample
French Ligue 1,Lens,182.0,70.0,42.0,70.0,56.0,10.0,4.0,3.0,10.0,27.0,69.0,306.0,272.0,207.0,0.8461538461538461,4.467032967032967,0.5490754385964912,80.0,20.0,5.71,30.95,7.14,38.57,37.91,1.681,1.495,1.137,1,Complete Competitors
French Ligue 1,Lille,362.0,131.0,88.0,143.0,104.0,19.0,8.0,15.0,18.0,46.0,143.0,592.0,504.0,386.0,0.8646408839779005,4.234806629834254,0.54348,79.39,20.61,6.11,37.5,17.05,32.17,39.5,1.635,1.392,1.066,1,Complete Competitors
French Ligue 1,Lorient,224.0,47.0,81.0,96.0,31.0,9.0,7.0,11.0,13.0,20.0,100.0,244.0,271.0,378.0,1.0446428571428572,3.7901785714285716,0.5968307692307692,65.96,34.04,14.89,29.63,13.58,20.83,44.64,1.089,1.21,1.688,1,Comeback Hunters
French Ligue 1,Lyon,361.0,142.0,93.0,126.0,115.0,22.0,5.0,18.0,17.0,51.0,150.0,629.0,669.0,450.0,1.0526315789473684,3.955678670360111,0.5420008771929825,80.99,19.01,3.52,37.63,19.35,40.48,41.55,1.742,1.853,1.247,1,Complete Competitors
French Ligue 1,Marseille,362.0,125.0,80.0,157.0,102.0,17.0,6.0,8.0,22.0,65.0,151.0,623.0,596.0,424.0,0.9419889502762431,4.096685082872928,0.5747334319526627,81.6,18.4,4.8,37.5,10.0,41.4,41.71,1.721,1.646,1.171,1,Complete Competitors
French Ligue 1,Metz,214.0,46.0,78.0,90.0,27.0,13.0,6.0,4.0,10.0,20.0,89.0,210.0,214.0,358.0,0.9345794392523364,3.9065420560747666,0.539632,58.7,41.3,13.04,17.95,5.13,22.22,41.59,0.981,1.0,1.673,1,Fragile Performers
French Ligue 1,Monaco,362.0,143.0,88.0,131.0,115.0,20.0,8.0,12.0,20.0,64.0,148.0,656.0,673.0,450.0,1.0635359116022098,4.074585635359116,0.5540461988304094,80.42,19.58,5.59,36.36,13.64,48.85,40.88,1.812,1.859,1.243,1,Complete Competitors
French Ligue 1,Montpellier,362.0,94.0,121.0,147.0,62.0,19.0,13.0,10.0,24.0,44.0,161.0,443.0,461.0,534.0,1.0165745856353592,4.185082872928176,0.561053550295858,65.96,34.04,13.83,28.1,8.26,29.93,44.48,1.224,1.273,1.475,1,Comeback Hunters
French Ligue 1,Nancy,38.0,9.0,9.0,20.0,6.0,1.0,2.0,0.0,0.0,3.0,16.0,35.0,29.0,52.0,1.1842105263157894,3.6842105263157894,0.6595939393939395,66.67,33.33,22.22,0.0,0.0,15.0,42.11,0.921,0.763,1.368,0,Small sample
French Ligue 1,Nantes,362.0,92.0,101.0,169.0,54.0,27.0,11.0,5.0,17.0,53.0,173.0,436.0,393.0,483.0,0.9392265193370166,4.0,0.5933693693693695,58.7,41.3,11.96,21.78,4.95,31.36,47.79,1.204,1.086,1.334,1,Fragile Performers
French Ligue 1,Nice,362.0,120.0,97.0,145.0,91.0,23.0,6.0,16.0,14.0,56.0,146.0,584.0,501.0,398.0,0.8535911602209945,3.9668508287292816,0.5199119760479042,75.83,24.17,5.0,30.93,16.49,38.62,40.33,1.613,1.384,1.099,1,Complete Competitors
French Ligue 1,Nimes,104.0,20.0,43.0,41.0,15.0,3.0,2.0,1.0,8.0,15.0,44.0,115.0,126.0,173.0,1.0961538461538463,4.519230769230769,0.5729454545454545,75.0,25.0,10.0,20.93,2.33,36.59,42.31,1.106,1.212,1.663,1,Reliable Closers
French Ligue 1,Paris SG,361.0,200.0,40.0,121.0,188.0,10.0,2.0,7.0,14.0,69.0,122.0,848.0,911.0,306.0,1.290858725761773,3.443213296398892,0.5754895953757225,94.0,6.0,1.0,52.5,17.5,57.02,33.8,2.349,2.524,0.848,1,Complete Competitors
French Ligue 1,Reims,286.0,80.0,80.0,126.0,53.0,17.0,10.0,3.0,17.0,30.0,111.0,354.0,314.0,353.0,0.7972027972027972,3.8776223776223775,0.5373498007968127,66.25,33.75,12.5,25.0,3.75,23.81,38.81,1.238,1.098,1.234,1,Comeback Hunters
French Ligue 1,Rennes,362.0,117.0,87.0,158.0,85.0,25.0,7.0,7.0,22.0,59.0,178.0,541.0,538.0,431.0,1.0165745856353592,4.035911602209945,0.5956674285714286,72.65,27.35,5.98,33.33,8.05,37.34,49.17,1.494,1.486,1.191,1,Complete Competitors
French Ligue 1,St Etienne,290.0,62.0,104.0,124.0,45.0,9.0,8.0,11.0,19.0,42.0,126.0,367.0,341.0,423.0,1.0551724137931036,3.924137931034483,0.5691368613138685,72.58,27.42,12.9,28.85,10.58,33.87,43.45,1.266,1.176,1.459,1,Complete Competitors
French Ligue 1,Strasbourg,285.0,82.0,97.0,106.0,55.0,21.0,6.0,5.0,19.0,34.0,113.0,366.0,388.0,401.0,0.8736842105263158,3.9614035087719297,0.5554449814126394,67.07,32.93,7.32,24.74,5.15,32.08,39.65,1.284,1.361,1.407,1,Comeback Hunters
French Ligue 1,Toulouse,286.0,63.0,88.0,135.0,40.0,14.0,9.0,8.0,16.0,26.0,129.0,305.0,314.0,411.0,0.9230769230769231,4.1328671328671325,0.5888143968871595,63.49,36.51,14.29,27.27,9.09,19.26,45.1,1.066,1.098,1.437,1,Comeback Hunters
French Ligue 1,Troyes,152.0,32.0,63.0,57.0,13.0,14.0,5.0,1.0,11.0,11.0,75.0,113.0,142.0,276.0,1.0986842105263157,3.7171052631578947,0.5855020689655173,40.62,59.38,15.62,19.05,1.59,19.3,49.34,0.743,0.934,1.816,1,Fragile Performers
German Bundesliga,Augsburg,340.0,83.0,115.0,142.0,52.0,18.0,13.0,9.0,15.0,34.0,140.0,375.0,418.0,567.0,0.9764705882352941,3.961764705882353,0.5463085987261146,62.65,37.35,15.66,20.87,7.83,23.94,41.18,1.103,1.229,1.668,1,Fragile Performers
German Bundesliga,Bayern Munich,340.0,198.0,43.0,99.0,178.0,12.0,8.0,10.0,11.0,59.0,110.0,794.0,930.0,327.0,1.3352941176470587,3.0294117647058822,0.5174192771084337,89.9,10.1,4.04,48.84,23.26,59.6,32.35,2.335,2.735,0.962,1,Complete Competitors
German Bundesliga,Bielefeld,68.0,8.0,24.0,36.0,5.0,3.0,0.0,0.0,5.0,9.0,31.0,63.0,53.0,105.0,0.9705882352941176,3.426470588235294,0.6510758064516129,62.5,37.5,0.0,20.83,0.0,25.0,45.59,0.926,0.779,1.544,0,Small sample
German Bundesliga,Bochum,135.0,32.0,55.0,48.0,20.0,9.0,3.0,1.0,6.0,13.0,52.0,132.0,151.0,265.0,1.037037037037037,4.037037037037037,0.5652876923076923,62.5,37.5,9.38,12.73,1.82,27.08,38.52,0.978,1.119,1.963,1,Fragile Performers
German Bundesliga,Darmstadt,102.0,21.0,39.0,42.0,10.0,6.0,5.0,0.0,5.0,9.0,46.0,80.0,96.0,202.0,1.1470588235294117,4.254901960784314,0.5954125,47.62,52.38,23.81,12.82,0.0,21.43,45.1,0.784,0.941,1.98,1,Fragile Performers
German Bundesliga,Dortmund,340.0,155.0,81.0,104.0,132.0,17.0,6.0,17.0,16.0,51.0,127.0,666.0,765.0,442.0,1.214705882352941,3.661764705882353,0.5538993920972644,85.16,14.84,3.87,40.74,20.99,49.04,37.35,1.959,2.25,1.3,1,Complete Competitors
German Bundesliga,Ein Frankfurt,340.0,110.0,101.0,129.0,82.0,22.0,6.0,11.0,22.0,36.0,136.0,485.0,525.0,498.0,0.9882352941176471,4.15,0.5444943925233644,74.55,25.45,5.45,32.67,10.89,27.91,40.0,1.426,1.544,1.465,1,Complete Competitors
German Bundesliga,FC Koln,272.0,61.0,102.0,109.0,36.0,17.0,8.0,11.0,15.0,27.0,110.0,304.0,338.0,446.0,1.0036764705882353,4.047794117647059,0.5730091633466136,59.02,40.98,13.11,25.49,10.78,24.77,40.44,1.118,1.243,1.64,1,Comeback Hunters
German Bundesliga,Fortuna Dusseldorf,68.0,17.0,22.0,29.0,11.0,3.0,3.0,1.0,4.0,7.0,30.0,74.0,85.0,132.0,1.3088235294117647,4.088235294117647,0.6506015151515151,64.71,35.29,17.65,22.73,4.55,24.14,44.12,1.088,1.25,1.941,0,Small sample
German Bundesliga,Freiburg,306.0,84.0,86.0,136.0,65.0,8.0,11.0,5.0,13.0,44.0,112.0,424.0,423.0,477.0,0.954248366013072,3.588235294117647,0.5761756183745583,77.38,22.62,13.1,20.93,5.81,32.35,36.6,1.386,1.382,1.559,1,Reliable Closers
German Bundesliga,Greuther Furth,34.0,6.0,15.0,13.0,2.0,1.0,3.0,0.0,1.0,1.0,11.0,18.0,28.0,82.0,1.1470588235294117,3.2941176470588234,0.6138793103448277,33.33,66.67,50.0,6.67,0.0,7.69,32.35,0.529,0.824,2.412,0,Small sample
German Bundesliga,Hamburg,102.0,18.0,31.0,53.0,12.0,4.0,2.0,1.0,3.0,16.0,47.0,110.0,102.0,160.0,1.0098039215686274,4.137254901960785,0.6127813186813187,66.67,33.33,11.11,12.9,3.23,30.19,46.08,1.078,1.0,1.569,0,Small sample
German Bundesliga,Hannover,102.0,15.0,47.0,40.0,11.0,3.0,1.0,2.0,5.0,9.0,40.0,85.0,106.0,187.0,0.9803921568627451,3.627450980392157,0.5652363636363636,73.33,26.67,6.67,14.89,4.26,22.5,39.22,0.833,1.039,1.833,0,Small sample
German Bundesliga,Heidenheim,68.0,13.0,35.0,20.0,11.0,1.0,1.0,2.0,7.0,5.0,22.0,71.0,87.0,119.0,0.8235294117647058,3.8970588235294117,0.5096,84.62,15.38,7.69,25.71,5.71,25.0,32.35,1.044,1.279,1.75,0,Small sample
German Bundesliga,Hertha,272.0,69.0,104.0,99.0,50.0,12.0,7.0,8.0,14.0,27.0,98.0,323.0,345.0,443.0,1.0073529411764706,3.7536764705882355,0.5612430830039525,72.46,27.54,10.14,21.15,7.69,27.27,36.03,1.188,1.268,1.629,1,Reliable Closers
German Bundesliga,Hoffenheim,340.0,103.0,113.0,124.0,69.0,24.0,10.0,14.0,19.0,39.0,140.0,460.0,562.0,549.0,1.0529411764705883,3.902941176470588,0.5368358024691358,66.99,33.01,9.71,29.2,12.39,31.45,41.18,1.353,1.653,1.615,1,Comeback Hunters
German Bundesliga,Holstein Kiel,34.0,9.0,21.0,4.0,6.0,3.0,0.0,0.0,3.0,0.0,9.0,25.0,49.0,80.0,0.7941176470588235,4.647058823529412,0.44874411764705885,66.67,33.33,0.0,14.29,0.0,0.0,26.47,0.735,1.441,2.353,0,Small sample
German Bundesliga,Ingolstadt,68.0,15.0,20.0,33.0,9.0,6.0,0.0,3.0,2.0,6.0,34.0,72.0,69.0,99.0,1.0,4.455882352941177,0.5940676923076923,60.0,40.0,0.0,25.0,15.0,18.18,50.0,1.059,1.015,1.456,0,Small sample
German Bundesliga,Leverkusen,340.0,143.0,76.0,121.0,118.0,17.0,8.0,14.0,13.0,43.0,126.0,602.0,648.0,437.0,1.0705882352941176,3.8676470588235294,0.5527068965517241,82.52,17.48,5.59,35.53,18.42,35.54,37.06,1.771,1.906,1.285,1,Complete Competitors
German Bundesliga,M'gladbach,340.0,113.0,91.0,136.0,79.0,22.0,12.0,7.0,15.0,48.0,148.0,483.0,561.0,529.0,1.1058823529411765,3.7529411764705882,0.5655289719626169,69.91,30.09,10.62,24.18,7.69,35.29,43.53,1.421,1.65,1.556,1,Fragile Performers
German Bundesliga,Mainz,340.0,104.0,113.0,123.0,74.0,22.0,8.0,8.0,19.0,30.0,136.0,421.0,455.0,521.0,0.9676470588235294,4.264705882352941,0.5136722397476341,71.15,28.85,7.69,23.89,7.08,24.39,40.0,1.238,1.338,1.532,1,Reliable Closers
German Bundesliga,Nurnberg,34.0,4.0,16.0,14.0,1.0,1.0,2.0,0.0,4.0,2.0,16.0,19.0,26.0,68.0,1.3529411764705883,3.5294117647058822,0.634921212121212,25.0,75.0,50.0,25.0,0.0,14.29,47.06,0.559,0.765,2.0,0,Small sample
German Bundesliga,Paderborn,34.0,4.0,18.0,12.0,2.0,2.0,0.0,0.0,1.0,2.0,10.0,20.0,37.0,74.0,0.9705882352941176,4.5588235294117645,0.47916875,50.0,50.0,0.0,5.56,0.0,16.67,29.41,0.588,1.088,2.176,0,Small sample
German Bundesliga,RB Leipzig,306.0,132.0,71.0,103.0,109.0,15.0,8.0,11.0,18.0,40.0,111.0,557.0,593.0,355.0,1.0751633986928104,4.071895424836601,0.553325,82.58,17.42,6.06,40.85,15.49,38.83,36.27,1.82,1.938,1.16,1,Complete Competitors
German Bundesliga,Schalke 04,238.0,58.0,81.0,99.0,41.0,14.0,3.0,1.0,11.0,29.0,89.0,277.0,284.0,396.0,1.0714285714285714,4.084033613445378,0.5930809954751131,70.69,29.31,5.17,14.81,1.23,29.29,37.39,1.164,1.193,1.664,1,Fragile Performers
German Bundesliga,St Pauli,34.0,9.0,12.0,13.0,6.0,3.0,0.0,0.0,2.0,2.0,15.0,32.0,28.0,41.0,0.8529411764705882,3.9411764705882355,0.5247290322580646,66.67,33.33,0.0,16.67,0.0,15.38,44.12,0.941,0.824,1.206,0,Small sample
German Bundesliga,Stuttgart,272.0,72.0,93.0,107.0,55.0,12.0,5.0,8.0,18.0,31.0,116.0,346.0,402.0,444.0,1.0735294117647058,4.091911764705882,0.5810179389312977,76.39,23.61,6.94,27.96,8.6,28.97,42.65,1.272,1.478,1.632,1,Complete Competitors
German Bundesliga,Union Berlin,203.0,52.0,62.0,89.0,37.0,10.0,5.0,7.0,6.0,33.0,81.0,283.0,260.0,290.0,0.9802955665024631,3.7881773399014778,0.5526856382978723,71.15,28.85,9.62,20.97,11.29,37.08,39.9,1.394,1.281,1.429,1,Reliable Closers
German Bundesliga,Werder Bremen,306.0,79.0,105.0,122.0,59.0,13.0,7.0,3.0,19.0,35.0,118.0,369.0,437.0,519.0,0.9052287581699346,4.251633986928105,0.5496163265306122,74.68,25.32,8.86,20.95,2.86,28.69,38.56,1.206,1.428,1.696,1,Reliable Closers
German Bundesliga,Wolfsburg,340.0,107.0,102.0,131.0,81.0,14.0,12.0,3.0,22.0,36.0,127.0,451.0,485.0,494.0,0.9647058823529412,4.038235294117647,0.5605150470219437,75.7,24.3,11.21,24.51,2.94,27.48,37.35,1.326,1.426,1.453,1,Reliable Closers
Italian Serie A,Atalanta,380.0,138.0,87.0,155.0,112.0,19.0,7.0,18.0,18.0,62.0,162.0,668.0,706.0,443.0,1.0657894736842106,4.473684210526316,0.5797721910112359,81.16,18.84,5.07,41.38,20.69,40.0,42.63,1.758,1.858,1.166,1,Complete Competitors
Italian Serie A,Benevento,76.0,10.0,37.0,29.0,4.0,4.0,2.0,2.0,3.0,7.0,32.0,54.0,73.0,159.0,1.0394736842105263,4.4605263157894735,0.5834,40.0,60.0,20.0,13.51,5.41,24.14,42.11,0.711,0.961,2.092,0,Small sample
Italian Serie A,Bologna,380.0,89.0,117.0,174.0,56.0,23.0,10.0,16.0,18.0,54.0,176.0,484.0,472.0,524.0,0.9473684210526315,4.913157894736842,0.5785954154727794,62.92,37.08,11.24,29.06,13.68,31.03,46.32,1.274,1.242,1.379,1,Comeback Hunters
Italian Serie A,Brescia,38.0,6.0,15.0,17.0,1.0,1.0,4.0,1.0,1.0,4.0,19.0,25.0,35.0,79.0,1.3157894736842106,5.5,0.6230702702702703,16.67,83.33,66.67,13.33,6.67,23.53,50.0,0.658,0.921,2.079,0,Small sample
Italian Serie A,Cagliari,304.0,63.0,126.0,115.0,38.0,17.0,8.0,10.0,21.0,30.0,132.0,311.0,335.0,498.0,0.9144736842105263,4.621710526315789,0.5839486013986014,60.32,39.68,12.7,24.6,7.94,26.09,43.42,1.023,1.102,1.638,1,Comeback Hunters
Italian Serie A,Carpi,38.0,6.0,15.0,17.0,5.0,0.0,1.0,1.0,2.0,3.0,12.0,38.0,37.0,57.0,0.7105263157894737,5.368421052631579,0.5814935483870969,83.33,16.67,16.67,20.0,6.67,17.65,31.58,1.0,0.974,1.5,0,Small sample
Italian Serie A,Chievo,152.0,20.0,50.0,82.0,10.0,6.0,4.0,6.0,5.0,21.0,72.0,153.0,147.0,240.0,1.019736842105263,4.526315789473684,0.6234007462686566,50.0,50.0,20.0,22.0,12.0,25.61,47.37,1.007,0.967,1.579,1,Fragile Performers
Italian Serie A,Como,38.0,14.0,10.0,14.0,7.0,4.0,3.0,1.0,3.0,5.0,22.0,49.0,49.0,52.0,1.105263157894737,5.105263157894737,0.6193,50.0,50.0,21.43,40.0,10.0,35.71,57.89,1.289,1.289,1.368,0,Small sample
Italian Serie A,Cremonese,38.0,5.0,17.0,16.0,4.0,1.0,0.0,0.0,3.0,1.0,12.0,27.0,36.0,69.0,0.7368421052631579,3.973684210526316,0.6052400000000001,80.0,20.0,0.0,17.65,0.0,6.25,31.58,0.711,0.947,1.816,0,Small sample
Italian Serie A,Crotone,114.0,25.0,49.0,40.0,16.0,5.0,4.0,2.0,5.0,6.0,46.0,92.0,119.0,216.0,1.1140350877192982,4.254385964912281,0.5251422018348624,64.0,36.0,16.0,14.29,4.08,15.0,40.35,0.807,1.044,1.895,1,Fragile Performers
Italian Serie A,Empoli,266.0,55.0,94.0,117.0,33.0,16.0,6.0,6.0,14.0,26.0,117.0,267.0,269.0,412.0,0.9548872180451128,4.62406015037594,0.5769289256198348,60.0,40.0,10.91,21.28,6.38,22.22,43.98,1.004,1.011,1.549,1,Fragile Performers
Italian Serie A,Fiorentina,380.0,124.0,107.0,149.0,97.0,21.0,6.0,8.0,24.0,44.0,146.0,554.0,555.0,478.0,0.8342105263157895,5.092105263157895,0.5515733524355301,78.23,21.77,4.84,29.91,7.48,29.53,38.42,1.458,1.461,1.258,1,Complete Competitors
Italian Serie A,Frosinone,114.0,23.0,48.0,43.0,12.0,7.0,4.0,2.0,4.0,7.0,43.0,91.0,108.0,214.0,1.1228070175438596,4.885964912280702,0.5836415841584158,52.17,47.83,17.39,12.5,4.17,16.28,37.72,0.798,0.947,1.877,1,Fragile Performers
Italian Serie A,Genoa,342.0,65.0,113.0,164.0,47.0,11.0,7.0,9.0,19.0,31.0,139.0,362.0,358.0,497.0,0.8742690058479532,4.745614035087719,0.583959477124183,72.31,27.69,10.77,24.78,7.96,18.9,40.64,1.058,1.047,1.453,1,Complete Competitors
Italian Serie A,Inter,380.0,177.0,65.0,138.0,143.0,25.0,9.0,16.0,14.0,73.0,163.0,774.0,738.0,352.0,1.068421052631579,4.318421052631579,0.5797074175824176,80.79,19.21,5.08,46.15,24.62,52.9,42.89,2.037,1.942,0.926,1,Complete Competitors
Italian Serie A,Juventus,380.0,166.0,58.0,156.0,141.0,20.0,5.0,8.0,21.0,95.0,172.0,811.0,686.0,318.0,0.9842105263157894,4.552631578947368,0.5609631868131869,84.94,15.06,3.01,50.0,13.79,60.9,45.26,2.134,1.805,0.837,1,Complete Competitors
Italian Serie A,Lazio,380.0,146.0,88.0,146.0,115.0,15.0,16.0,12.0,18.0,68.0,160.0,665.0,658.0,471.0,1.0368421052631578,5.126315789473685,0.5646116022099448,78.77,21.23,10.96,34.09,13.64,46.58,42.11,1.75,1.732,1.239,1,Complete Competitors
Italian Serie A,Lecce,152.0,30.0,56.0,66.0,17.0,9.0,4.0,2.0,10.0,14.0,66.0,143.0,144.0,243.0,0.9144736842105263,4.7105263157894735,0.5752986013986015,56.67,43.33,13.33,21.43,3.57,21.21,43.42,0.941,0.947,1.599,1,Fragile Performers
Italian Serie A,Milan,380.0,149.0,75.0,156.0,123.0,18.0,8.0,10.0,19.0,66.0,154.0,691.0,624.0,419.0,0.9052631578947369,4.8578947368421055,0.57120197740113,82.55,17.45,5.37,38.67,13.33,42.31,40.53,1.818,1.642,1.103,1,Complete Competitors
Italian Serie A,Monza,114.0,25.0,42.0,47.0,19.0,3.0,3.0,1.0,7.0,8.0,40.0,115.0,115.0,172.0,0.8157894736842105,4.4035087719298245,0.552781308411215,76.0,24.0,12.0,19.05,2.38,17.02,35.09,1.009,1.009,1.509,1,Reliable Closers
Italian Serie A,Napoli,380.0,168.0,66.0,146.0,151.0,14.0,3.0,16.0,14.0,67.0,142.0,781.0,737.0,361.0,1.0421052631578946,4.268421052631579,0.5840123943661972,89.88,10.12,1.79,45.45,24.24,45.89,37.37,2.055,1.939,0.95,1,Complete Competitors
Italian Serie A,Palermo,76.0,17.0,30.0,29.0,10.0,5.0,2.0,0.0,1.0,6.0,26.0,65.0,71.0,142.0,1.0,4.894736842105263,0.5655930555555556,58.82,41.18,11.76,3.33,0.0,20.69,34.21,0.855,0.934,1.868,0,Small sample
Italian Serie A,Parma,152.0,43.0,46.0,63.0,21.0,12.0,10.0,1.0,11.0,12.0,76.0,146.0,180.0,259.0,0.9473684210526315,4.480263157894737,0.5732328571428571,48.84,51.16,23.26,26.09,2.17,19.05,50.0,0.961,1.184,1.704,1,Comeback Hunters
Italian Serie A,Pescara,37.0,5.0,17.0,15.0,2.0,2.0,1.0,0.0,2.0,0.0,15.0,15.0,34.0,81.0,1.162162162162162,4.54054054054054,0.578011111111111,40.0,60.0,20.0,11.76,0.0,0.0,40.54,0.405,0.919,2.189,0,Small sample
Italian Serie A,Roma,380.0,157.0,88.0,135.0,130.0,18.0,9.0,11.0,22.0,64.0,149.0,701.0,675.0,423.0,0.9973684210526316,4.83421052631579,0.5532518005540167,82.8,17.2,5.73,37.5,12.5,47.41,39.21,1.845,1.776,1.113,1,Complete Competitors
Italian Serie A,Salernitana,114.0,21.0,57.0,36.0,8.0,8.0,5.0,4.0,10.0,6.0,45.0,90.0,113.0,221.0,1.0263157894736843,4.815789473684211,0.5337837837837838,38.1,61.9,23.81,24.56,7.02,16.67,39.47,0.789,0.991,1.939,1,Fragile Performers
Italian Serie A,Sampdoria,304.0,73.0,118.0,113.0,49.0,13.0,11.0,7.0,15.0,37.0,122.0,344.0,383.0,480.0,0.9539473684210527,4.940789473684211,0.5499996515679442,67.12,32.88,15.07,18.64,5.93,32.74,40.13,1.132,1.26,1.579,1,Fragile Performers
Italian Serie A,Sassuolo,341.0,99.0,114.0,128.0,64.0,18.0,17.0,12.0,24.0,36.0,146.0,431.0,476.0,540.0,0.9208211143695014,4.803519061583578,0.5190381987577641,64.65,35.35,17.17,31.58,10.53,28.12,42.82,1.264,1.396,1.584,1,Comeback Hunters
Italian Serie A,Spal,114.0,23.0,47.0,44.0,10.0,6.0,7.0,4.0,7.0,10.0,53.0,100.0,110.0,192.0,1.0526315789473684,5.228070175438597,0.5823688679245282,43.48,56.52,30.43,23.4,8.51,22.73,46.49,0.877,0.965,1.684,1,Fragile Performers
Italian Serie A,Spezia,114.0,20.0,36.0,58.0,9.0,10.0,1.0,4.0,5.0,12.0,62.0,106.0,124.0,205.0,1.1140350877192982,4.754385964912281,0.6057990740740741,45.0,55.0,5.0,25.0,11.11,20.69,54.39,0.93,1.088,1.798,1,Comeback Hunters
Italian Serie A,Torino,380.0,109.0,107.0,164.0,75.0,26.0,8.0,11.0,20.0,36.0,149.0,492.0,488.0,504.0,0.8236842105263158,4.723684210526316,0.5916653179190752,68.81,31.19,7.34,28.97,10.28,21.95,39.21,1.295,1.284,1.326,1,Comeback Hunters
Italian Serie A,Udinese,380.0,105.0,117.0,158.0,62.0,26.0,17.0,7.0,20.0,38.0,169.0,426.0,434.0,556.0,0.9394736842105263,4.586842105263158,0.5446495726495726,59.05,40.95,16.19,23.08,5.98,24.05,44.47,1.121,1.142,1.463,1,Fragile Performers
Italian Serie A,Venezia,76.0,12.0,27.0,37.0,4.0,5.0,3.0,2.0,5.0,5.0,39.0,56.0,66.0,125.0,0.9078947368421053,4.605263157894737,0.6149,33.33,66.67,25.0,25.93,7.41,13.51,51.32,0.737,0.868,1.645,0,Small sample
Italian Serie A,Verona,304.0,62.0,111.0,131.0,38.0,14.0,10.0,5.0,17.0,31.0,126.0,304.0,322.0,475.0,0.8289473684210527,4.7006578947368425,0.5635527972027972,61.29,38.71,16.13,19.82,4.5,23.66,41.45,1.0,1.059,1.562,1,Fragile Performers
Spanish La Liga,Alaves,304.0,65.0,98.0,141.0,41.0,16.0,8.0,4.0,13.0,46.0,136.0,348.0,295.0,418.0,0.9078947368421053,5.2894736842105265,0.6206875886524822,63.08,36.92,12.31,17.35,4.08,32.62,44.74,1.145,0.97,1.375,1,Fragile Performers
Spanish La Liga,Almeria,76.0,17.0,27.0,32.0,10.0,4.0,3.0,2.0,1.0,2.0,27.0,62.0,92.0,140.0,0.8947368421052632,4.855263157894737,0.5090535211267606,58.82,41.18,17.65,11.11,7.41,6.25,35.53,0.816,1.211,1.842,0,Small sample
Spanish La Liga,Ath Bilbao,380.0,126.0,86.0,168.0,97.0,24.0,5.0,8.0,12.0,45.0,141.0,562.0,485.0,407.0,0.7947368421052632,5.065789473684211,0.5484486725663718,76.98,23.02,3.97,23.26,9.3,26.79,37.11,1.479,1.276,1.071,1,Reliable Closers
Spanish La Liga,Ath Madrid,380.0,146.0,56.0,178.0,124.0,19.0,3.0,12.0,12.0,94.0,168.0,777.0,637.0,297.0,1.0368421052631578,4.955263157894737,0.6171393258426967,84.93,15.07,2.05,42.86,21.43,52.81,44.21,2.045,1.676,0.782,1,Complete Competitors
Spanish La Liga,Barcelona,380.0,185.0,58.0,137.0,166.0,12.0,7.0,17.0,11.0,80.0,140.0,856.0,907.0,348.0,1.1842105263157894,4.773684210526316,0.5683419178082192,89.73,10.27,3.78,48.28,29.31,58.39,36.84,2.253,2.387,0.916,1,Complete Competitors
Spanish La Liga,Betis,380.0,101.0,97.0,182.0,74.0,20.0,7.0,10.0,20.0,62.0,179.0,538.0,490.0,515.0,0.9131578947368421,5.344736842105263,0.5868624641833811,73.27,26.73,6.93,30.93,10.31,34.07,47.11,1.416,1.289,1.355,1,Complete Competitors
Spanish La Liga,Cadiz,152.0,34.0,49.0,69.0,19.0,11.0,4.0,0.0,13.0,16.0,68.0,158.0,127.0,217.0,0.9342105263157895,5.4868421052631575,0.5774977443609023,55.88,44.12,11.76,26.53,0.0,23.19,44.74,1.039,0.836,1.428,1,Comeback Hunters
Spanish La Liga,Celta,380.0,103.0,118.0,159.0,74.0,20.0,9.0,9.0,23.0,40.0,162.0,470.0,499.0,566.0,0.9184210526315789,5.271052631578947,0.5666372159090909,71.84,28.16,8.74,27.12,7.63,25.16,42.63,1.237,1.313,1.489,1,Complete Competitors
Spanish La Liga,Eibar,228.0,55.0,82.0,91.0,40.0,12.0,3.0,6.0,15.0,22.0,91.0,267.0,263.0,320.0,0.9122807017543859,4.5964912280701755,0.5321504761904762,72.73,27.27,5.45,25.61,7.32,24.18,39.91,1.171,1.154,1.404,1,Complete Competitors
Spanish La Liga,Elche,114.0,24.0,48.0,42.0,13.0,8.0,3.0,2.0,9.0,9.0,50.0,103.0,104.0,174.0,0.9298245614035088,5.043859649122807,0.5095463636363636,54.17,45.83,12.5,22.92,4.17,21.43,43.86,0.904,0.912,1.526,1,Fragile Performers
Spanish La Liga,Espanol,304.0,72.0,101.0,131.0,42.0,20.0,10.0,4.0,20.0,41.0,139.0,347.0,332.0,447.0,0.8651315789473685,5.384868421052632,0.5658238596491227,58.33,41.67,13.89,23.76,3.96,31.3,45.72,1.141,1.092,1.47,1,Fragile Performers
Spanish La Liga,Getafe,342.0,68.0,106.0,168.0,49.0,12.0,7.0,5.0,14.0,47.0,127.0,408.0,341.0,394.0,0.7894736842105263,6.307017543859649,0.5344254180602007,72.06,27.94,10.29,17.92,4.72,27.98,37.13,1.193,0.997,1.152,1,Reliable Closers
Spanish La Liga,Girona,190.0,58.0,51.0,81.0,44.0,10.0,4.0,4.0,7.0,24.0,80.0,259.0,274.0,273.0,0.9368421052631579,5.068421052631579,0.5716294444444444,75.86,24.14,6.9,21.57,7.84,29.63,42.11,1.363,1.442,1.437,1,Reliable Closers
Spanish La Liga,Granada,228.0,46.0,93.0,89.0,33.0,11.0,2.0,3.0,13.0,19.0,87.0,220.0,257.0,401.0,0.9078947368421053,5.692982456140351,0.5502106481481481,71.74,28.26,4.35,17.2,3.23,21.35,38.16,0.965,1.127,1.759,1,Reliable Closers
Spanish La Liga,Huesca,76.0,13.0,30.0,33.0,8.0,4.0,1.0,1.0,8.0,5.0,34.0,67.0,77.0,118.0,0.868421052631579,4.5394736842105265,0.6137808823529411,61.54,38.46,7.69,30.0,3.33,15.15,44.74,0.882,1.013,1.553,0,Small sample
Spanish La Liga,La Coruna,114.0,28.0,45.0,41.0,16.0,9.0,3.0,0.0,10.0,6.0,41.0,107.0,126.0,198.0,0.8771929824561403,4.657894736842105,0.513073786407767,57.14,42.86,10.71,22.22,0.0,14.63,35.96,0.939,1.105,1.737,1,Fragile Performers
Spanish La Liga,Las Palmas,190.0,36.0,74.0,80.0,23.0,9.0,4.0,3.0,12.0,19.0,87.0,177.0,195.0,309.0,1.0157894736842106,5.336842105263158,0.5905569060773481,63.89,36.11,11.11,20.27,4.05,23.75,45.79,0.932,1.026,1.626,1,Fragile Performers
Spanish La Liga,Leganes,190.0,35.0,62.0,93.0,22.0,8.0,5.0,4.0,9.0,22.0,81.0,199.0,176.0,256.0,0.8526315789473684,5.2368421052631575,0.6019183431952663,62.86,37.14,14.29,20.97,6.45,23.66,42.63,1.047,0.926,1.347,1,Fragile Performers
Spanish La Liga,Levante,228.0,51.0,76.0,101.0,29.0,15.0,7.0,4.0,15.0,28.0,108.0,247.0,284.0,380.0,1.0394736842105263,5.355263157894737,0.6132050925925925,56.86,43.14,13.73,25.0,5.26,27.72,47.37,1.083,1.246,1.667,1,Comeback Hunters
Spanish La Liga,Malaga,114.0,23.0,39.0,52.0,17.0,4.0,2.0,2.0,4.0,10.0,45.0,114.0,111.0,151.0,0.7631578947368421,5.578947368421052,0.5372269230769231,73.91,26.09,8.7,15.38,5.13,19.23,39.47,1.0,0.974,1.325,1,Reliable Closers
Spanish La Liga,Mallorca,190.0,39.0,54.0,97.0,27.0,9.0,3.0,1.0,8.0,26.0,87.0,210.0,181.0,259.0,0.7947368421052632,5.247368421052632,0.5864597701149425,69.23,30.77,7.69,16.67,1.85,26.8,45.79,1.105,0.953,1.363,1,Fragile Performers
Spanish La Liga,Osasuna,266.0,64.0,86.0,116.0,40.0,17.0,7.0,5.0,12.0,34.0,108.0,315.0,290.0,397.0,0.8834586466165414,4.654135338345864,0.6021462809917356,62.5,37.5,10.94,19.77,5.81,29.31,40.6,1.184,1.09,1.492,1,Fragile Performers
Spanish La Liga,Real Madrid,380.0,183.0,53.0,144.0,168.0,13.0,2.0,15.0,12.0,73.0,138.0,841.0,830.0,349.0,1.0789473684210527,4.5552631578947365,0.5666196078431371,91.8,8.2,1.09,50.94,28.3,50.69,36.32,2.213,2.184,0.918,1,Complete Competitors
Spanish La Liga,Sevilla,380.0,106.0,100.0,174.0,77.0,20.0,9.0,10.0,26.0,76.0,185.0,589.0,528.0,464.0,0.9315789473684211,5.489473684210527,0.5834498599439777,72.64,27.36,8.49,36.0,10.0,43.68,48.68,1.55,1.389,1.221,1,Complete Competitors
Spanish La Liga,Sociedad,380.0,123.0,94.0,163.0,97.0,14.0,12.0,7.0,15.0,55.0,149.0,568.0,507.0,449.0,0.8710526315789474,5.023684210526316,0.5344875722543352,78.86,21.14,9.76,23.4,7.45,33.74,39.21,1.495,1.334,1.182,1,Reliable Closers
Spanish La Liga,Sp Gijon,76.0,14.0,26.0,36.0,9.0,2.0,3.0,1.0,3.0,7.0,31.0,70.0,82.0,134.0,0.9473684210526315,5.276315789473684,0.5808507246376812,64.29,35.71,21.43,15.38,3.85,19.44,40.79,0.921,1.079,1.763,0,Small sample
Spanish La Liga,Valencia,380.0,104.0,102.0,174.0,79.0,21.0,4.0,7.0,28.0,45.0,171.0,505.0,488.0,489.0,0.8210526315789474,5.476315789473684,0.5670090395480226,75.96,24.04,3.85,34.31,6.86,25.86,45.0,1.329,1.284,1.287,1,Complete Competitors
Spanish La Liga,Valladolid,190.0,35.0,64.0,91.0,22.0,9.0,4.0,2.0,12.0,15.0,86.0,170.0,157.0,304.0,0.8842105263157894,4.894736842105263,0.6097883720930233,62.86,37.14,11.43,21.88,3.12,16.48,45.26,0.895,0.826,1.6,1,Fragile Performers
Spanish La Liga,Vallecano,228.0,62.0,70.0,96.0,35.0,18.0,9.0,2.0,12.0,25.0,102.0,251.0,247.0,339.0,0.9166666666666666,5.258771929824562,0.5554433333333334,56.45,43.55,14.52,20.0,2.86,26.04,44.74,1.101,1.083,1.487,1,Fragile Performers
Spanish La Liga,Villarreal,380.0,127.0,98.0,155.0,96.0,19.0,12.0,12.0,21.0,59.0,160.0,600.0,587.0,456.0,0.9078947368421053,5.0552631578947365,0.563378386167147,75.59,24.41,9.45,33.67,12.24,38.06,42.11,1.579,1.545,1.2,1,Complete Competitors
