League,Team,Venue,TeamMatchRows,LeadOpportunities,BehindOpportunities,LevelOpportunities,ProtectedLeads,LeadSlips,LeadCollapses,ComebackWins,RecoveryDraws,DrawBreakthroughs,StateChanges,Points,GoalsFor,GoalsAgainst,AvgSwingIntensity,AvgTotalMatchCards,AvgSecondHalfGoalShare,LeadShieldPct,CollapseExposurePct,LeadCollapsePct,ResilienceRatePct,ComebackWinRatePct,DrawBreakthroughRatePct,StateChangeRatePct,PointsPerMatch,GoalsForPerMatch,GoalsAgainstPerMatch
English Premier League,Arsenal,Away,190.0,66.0,50.0,74.0,53.0,10.0,3.0,2.0,12.0,30.0,79.0,299.0,312.0,240.0,1.0210526315789474,3.6789473684210527,0.5222921787709497,80.3,19.7,4.55,28.0,4.0,40.54,41.58,1.574,1.642,1.263
English Premier League,Arsenal,Home,190.0,87.0,31.0,72.0,72.0,12.0,3.0,7.0,8.0,47.0,87.0,413.0,397.0,183.0,1.1526315789473685,3.594736842105263,0.5693747252747252,82.76,17.24,3.45,48.39,22.58,65.28,45.79,2.174,2.089,0.963
English Premier League,Aston Villa,Away,133.0,33.0,45.0,55.0,21.0,3.0,9.0,1.0,5.0,19.0,58.0,146.0,151.0,211.0,1.112781954887218,4.323308270676692,0.6069015625,63.64,36.36,27.27,13.33,2.22,34.55,43.61,1.098,1.135,1.586
English Premier League,Aston Villa,Home,133.0,49.0,40.0,44.0,38.0,7.0,4.0,4.0,7.0,15.0,50.0,201.0,209.0,190.0,0.9924812030075187,4.067669172932331,0.5427952,77.55,22.45,8.16,27.5,10.0,34.09,37.59,1.511,1.571,1.429
English Premier League,Bournemouth,Away,152.0,34.0,67.0,51.0,23.0,9.0,2.0,5.0,3.0,12.0,52.0,150.0,184.0,294.0,0.9802631578947368,3.6710526315789473,0.5318280821917808,67.65,32.35,5.88,11.94,7.46,23.53,34.21,0.987,1.211,1.934
English Premier League,Bournemouth,Home,152.0,43.0,51.0,58.0,31.0,9.0,3.0,6.0,8.0,18.0,62.0,204.0,206.0,220.0,1.019736842105263,3.9276315789473686,0.5361345070422535,72.09,27.91,6.98,27.45,11.76,31.03,40.79,1.342,1.355,1.447
English Premier League,Brentford,Away,76.0,20.0,31.0,25.0,15.0,1.0,4.0,2.0,3.0,6.0,22.0,86.0,102.0,116.0,0.881578947368421,3.5921052631578947,0.5253549295774649,75.0,25.0,20.0,16.13,6.45,24.0,28.95,1.132,1.342,1.526
English Premier League,Brentford,Home,76.0,24.0,16.0,36.0,16.0,5.0,3.0,3.0,2.0,12.0,35.0,114.0,126.0,108.0,0.9342105263157895,3.526315789473684,0.5838785714285714,66.67,33.33,12.5,31.25,18.75,33.33,46.05,1.5,1.658,1.421
English Premier League,Brighton,Away,152.0,42.0,56.0,54.0,28.0,8.0,6.0,2.0,13.0,11.0,60.0,167.0,182.0,233.0,0.9605263157894737,3.460526315789474,0.5322114285714287,66.67,33.33,14.29,26.79,3.57,20.37,39.47,1.099,1.197,1.533
English Premier League,Brighton,Home,152.0,41.0,46.0,65.0,29.0,11.0,1.0,5.0,11.0,19.0,61.0,213.0,201.0,199.0,0.8881578947368421,3.7039473684210527,0.5804801470588236,70.73,29.27,2.44,34.78,10.87,29.23,40.13,1.401,1.322,1.309
English Premier League,Burnley,Away,133.0,25.0,50.0,58.0,17.0,8.0,0.0,1.0,6.0,12.0,50.0,127.0,130.0,211.0,0.8646616541353384,3.3609022556390977,0.524929411764706,68.0,32.0,0.0,14.0,2.0,20.69,37.59,0.955,0.977,1.586
English Premier League,Burnley,Home,133.0,32.0,46.0,55.0,25.0,4.0,3.0,4.0,6.0,14.0,52.0,159.0,141.0,187.0,0.8947368421052632,3.030075187969925,0.5534777777777778,78.12,21.88,9.38,21.74,8.7,25.45,39.1,1.195,1.06,1.406
English Premier League,Cardiff,Away,19.0,2.0,9.0,8.0,2.0,0.0,0.0,0.0,0.0,2.0,6.0,14.0,13.0,31.0,0.8947368421052632,2.6315789473684212,0.6274529411764705,100.0,0.0,0.0,0.0,0.0,25.0,31.58,0.737,0.684,1.632
English Premier League,Cardiff,Home,19.0,2.0,7.0,10.0,2.0,0.0,0.0,1.0,0.0,3.0,9.0,20.0,21.0,38.0,1.2105263157894737,3.526315789473684,0.6215647058823529,100.0,0.0,0.0,14.29,14.29,30.0,47.37,1.053,1.105,2.0
English Premier League,Chelsea,Away,190.0,69.0,52.0,69.0,55.0,10.0,4.0,9.0,4.0,26.0,72.0,308.0,298.0,245.0,0.9842105263157894,4.052631578947368,0.5279914772727273,79.71,20.29,5.8,25.0,17.31,37.68,37.89,1.621,1.568,1.289
English Premier League,Chelsea,Home,190.0,80.0,19.0,91.0,62.0,17.0,1.0,1.0,3.0,40.0,82.0,360.0,353.0,194.0,1.0263157894736843,3.8157894736842106,0.6019966666666667,77.5,22.5,1.25,21.05,5.26,43.96,43.16,1.895,1.858,1.021
English Premier League,Crystal Palace,Away,190.0,46.0,66.0,78.0,31.0,9.0,6.0,4.0,17.0,20.0,90.0,215.0,220.0,300.0,1.0578947368421052,3.594736842105263,0.6251234636871509,67.39,32.61,13.04,31.82,6.06,25.64,47.37,1.132,1.158,1.579
English Premier League,Crystal Palace,Home,190.0,48.0,56.0,86.0,37.0,6.0,5.0,4.0,14.0,23.0,84.0,243.0,235.0,242.0,0.8947368421052632,3.8105263157894735,0.5828994117647058,77.08,22.92,10.42,32.14,7.14,26.74,44.21,1.279,1.237,1.274
English Premier League,Everton,Away,190.0,39.0,63.0,88.0,24.0,10.0,5.0,1.0,10.0,23.0,77.0,201.0,195.0,294.0,0.8736842105263158,3.4210526315789473,0.5370715116279069,61.54,38.46,12.82,17.46,1.59,26.14,40.53,1.058,1.026,1.547
English Premier League,Everton,Home,190.0,57.0,41.0,92.0,45.0,8.0,4.0,4.0,7.0,32.0,84.0,289.0,274.0,231.0,1.0421052631578946,3.5631578947368423,0.5833122905027932,78.95,21.05,7.02,26.83,9.76,34.78,44.21,1.521,1.442,1.216
English Premier League,Fulham,Away,95.0,14.0,37.0,44.0,7.0,6.0,1.0,5.0,3.0,11.0,45.0,92.0,105.0,155.0,0.9473684210526315,3.6526315789473682,0.5945079545454545,50.0,50.0,7.14,21.62,13.51,25.0,47.37,0.968,1.105,1.632
English Premier League,Fulham,Home,95.0,25.0,34.0,36.0,17.0,6.0,2.0,2.0,4.0,13.0,41.0,115.0,120.0,147.0,0.9894736842105263,3.2736842105263158,0.5497224719101124,68.0,32.0,8.0,17.65,5.88,36.11,43.16,1.211,1.263,1.547
English Premier League,Huddersfield,Away,38.0,4.0,14.0,20.0,3.0,0.0,1.0,0.0,3.0,1.0,18.0,21.0,24.0,78.0,1.394736842105263,3.210526315789474,0.6661885714285714,75.0,25.0,25.0,21.43,0.0,5.0,47.37,0.553,0.632,2.053
English Premier League,Huddersfield,Home,38.0,8.0,18.0,12.0,5.0,2.0,1.0,0.0,1.0,3.0,11.0,32.0,26.0,56.0,0.7368421052631579,3.3684210526315788,0.44264411764705885,62.5,37.5,12.5,5.56,0.0,25.0,28.95,0.842,0.684,1.474
English Premier League,Hull,Away,19.0,1.0,10.0,8.0,0.0,0.0,1.0,0.0,0.0,1.0,6.0,6.0,9.0,45.0,1.4210526315789473,3.0526315789473686,0.7212941176470589,0.0,100.0,100.0,0.0,0.0,12.5,31.58,0.316,0.474,2.368
English Premier League,Hull,Home,19.0,4.0,6.0,9.0,3.0,1.0,0.0,2.0,1.0,3.0,11.0,28.0,28.0,35.0,1.4210526315789473,3.6315789473684212,0.7329,75.0,25.0,0.0,50.0,33.33,33.33,57.89,1.474,1.474,1.842
English Premier League,Ipswich,Away,19.0,5.0,8.0,6.0,3.0,2.0,0.0,0.0,2.0,0.0,8.0,15.0,22.0,38.0,0.8421052631578947,4.526315789473684,0.5256666666666667,60.0,40.0,0.0,25.0,0.0,0.0,42.11,0.789,1.158,2.0
English Premier League,Ipswich,Home,19.0,3.0,9.0,7.0,1.0,0.0,2.0,0.0,1.0,0.0,7.0,7.0,14.0,44.0,1.1578947368421053,3.5789473684210527,0.49035263157894743,33.33,66.67,66.67,11.11,0.0,0.0,36.84,0.368,0.737,2.316
English Premier League,Leeds,Away,57.0,10.0,21.0,26.0,7.0,1.0,2.0,1.0,1.0,9.0,25.0,59.0,79.0,115.0,1.1578947368421053,3.6666666666666665,0.603237037037037,70.0,30.0,20.0,9.52,4.76,34.62,43.86,1.035,1.386,2.018
English Premier League,Leeds,Home,57.0,14.0,21.0,22.0,10.0,3.0,1.0,1.0,5.0,6.0,22.0,69.0,73.0,96.0,0.9473684210526315,4.017543859649122,0.5250923076923077,71.43,28.57,7.14,28.57,4.76,27.27,38.6,1.211,1.281,1.684
English Premier League,Leicester,Away,171.0,37.0,64.0,70.0,26.0,5.0,6.0,4.0,14.0,23.0,77.0,200.0,248.0,289.0,1.0584795321637428,3.3684210526315788,0.5537024242424242,70.27,29.73,16.22,28.12,6.25,32.86,45.03,1.17,1.45,1.69
English Premier League,Leicester,Home,171.0,55.0,50.0,66.0,50.0,5.0,0.0,4.0,8.0,22.0,61.0,263.0,256.0,216.0,0.9649122807017544,3.111111111111111,0.5351193750000001,90.91,9.09,0.0,24.0,8.0,33.33,35.67,1.538,1.497,1.263
English Premier League,Liverpool,Away,190.0,73.0,43.0,74.0,62.0,8.0,3.0,7.0,12.0,34.0,76.0,357.0,363.0,227.0,1.0578947368421052,3.1210526315789475,0.541886592178771,84.93,15.07,4.11,44.19,16.28,45.95,40.0,1.879,1.911,1.195
English Premier League,Liverpool,Home,190.0,103.0,23.0,64.0,95.0,8.0,0.0,8.0,10.0,31.0,66.0,444.0,445.0,155.0,1.1157894736842104,2.957894736842105,0.5271453038674033,92.23,7.77,0.0,78.26,34.78,48.44,34.74,2.337,2.342,0.816
English Premier League,Luton,Away,19.0,6.0,8.0,5.0,2.0,0.0,4.0,0.0,2.0,0.0,9.0,10.0,24.0,48.0,1.4210526315789473,3.526315789473684,0.6739368421052632,33.33,66.67,66.67,25.0,0.0,0.0,47.37,0.526,1.263,2.526
English Premier League,Luton,Home,19.0,3.0,10.0,6.0,2.0,0.0,1.0,0.0,1.0,2.0,5.0,16.0,28.0,37.0,0.631578947368421,4.0,0.5888526315789475,66.67,33.33,33.33,10.0,0.0,33.33,26.32,0.842,1.474,1.947
English Premier League,Man City,Away,190.0,88.0,33.0,69.0,78.0,6.0,4.0,6.0,5.0,37.0,69.0,395.0,384.0,169.0,1.0473684210526315,3.4368421052631577,0.5299344444444445,88.64,11.36,4.55,33.33,18.18,53.62,36.32,2.079,2.021,0.889
English Premier League,Man City,Home,190.0,118.0,23.0,49.0,106.0,8.0,4.0,7.0,5.0,31.0,60.0,458.0,514.0,165.0,1.3578947368421053,3.294736842105263,0.5230157608695652,89.83,10.17,3.39,52.17,30.43,63.27,31.58,2.411,2.705,0.868
English Premier League,Man United,Away,190.0,60.0,50.0,80.0,50.0,9.0,1.0,7.0,9.0,25.0,79.0,291.0,267.0,250.0,0.968421052631579,3.905263157894737,0.5541295454545455,83.33,16.67,1.67,32.0,14.0,31.25,41.58,1.532,1.405,1.316
English Premier League,Man United,Home,190.0,78.0,37.0,75.0,67.0,11.0,0.0,8.0,7.0,31.0,71.0,366.0,324.0,188.0,0.9578947368421052,3.536842105263158,0.5743462427745665,85.9,14.1,0.0,40.54,21.62,41.33,37.37,1.926,1.705,0.989
English Premier League,Middlesbrough,Away,19.0,1.0,8.0,10.0,1.0,0.0,0.0,0.0,1.0,0.0,5.0,10.0,10.0,30.0,0.631578947368421,3.8421052631578947,0.5333333333333333,100.0,0.0,0.0,12.5,0.0,0.0,26.32,0.526,0.526,1.579
English Premier League,Middlesbrough,Home,19.0,5.0,7.0,7.0,3.0,2.0,0.0,0.0,0.0,1.0,5.0,18.0,17.0,23.0,0.631578947368421,3.526315789473684,0.48437499999999994,60.0,40.0,0.0,0.0,0.0,14.29,26.32,0.947,0.895,1.211
English Premier League,Newcastle,Away,171.0,40.0,61.0,70.0,29.0,8.0,3.0,5.0,10.0,14.0,74.0,184.0,200.0,281.0,1.0935672514619883,3.391812865497076,0.5688911949685534,72.5,27.5,7.5,24.59,8.2,20.0,43.27,1.076,1.17,1.643
English Premier League,Newcastle,Home,171.0,55.0,37.0,79.0,44.0,7.0,4.0,4.0,5.0,30.0,68.0,277.0,274.0,203.0,0.9941520467836257,3.865497076023392,0.57472049689441,80.0,20.0,7.27,24.32,10.81,37.97,39.77,1.62,1.602,1.187
English Premier League,Norwich,Away,57.0,4.0,29.0,24.0,3.0,1.0,0.0,0.0,0.0,3.0,17.0,27.0,31.0,116.0,1.105263157894737,2.8596491228070176,0.6131396226415093,75.0,25.0,0.0,0.0,0.0,12.5,29.82,0.474,0.544,2.035
English Premier League,Norwich,Home,57.0,16.0,21.0,20.0,9.0,4.0,3.0,0.0,1.0,4.0,22.0,50.0,57.0,110.0,1.0350877192982457,3.3333333333333335,0.5851851851851853,56.25,43.75,18.75,4.76,0.0,20.0,38.6,0.877,1.0,1.93
English Premier League,Nott'm Forest,Away,57.0,13.0,21.0,23.0,8.0,3.0,2.0,0.0,2.0,7.0,23.0,57.0,65.0,111.0,1.1578947368421053,4.473684210526316,0.53216,61.54,38.46,15.38,9.52,0.0,30.43,40.35,1.0,1.14,1.947
English Premier League,Nott'm Forest,Home,57.0,19.0,11.0,27.0,13.0,3.0,3.0,0.0,5.0,9.0,30.0,82.0,80.0,70.0,0.9473684210526315,4.2631578947368425,0.5877982142857142,68.42,31.58,15.79,45.45,0.0,33.33,52.63,1.439,1.404,1.228
English Premier League,Sheffield United,Away,57.0,8.0,27.0,22.0,5.0,2.0,1.0,1.0,5.0,1.0,25.0,34.0,39.0,107.0,1.1403508771929824,3.280701754385965,0.5812145454545454,62.5,37.5,12.5,22.22,3.7,4.55,43.86,0.596,0.684,1.877
English Premier League,Sheffield United,Home,57.0,11.0,20.0,26.0,9.0,2.0,0.0,1.0,0.0,7.0,23.0,59.0,55.0,99.0,0.8421052631578947,3.263157894736842,0.5682754385964912,81.82,18.18,0.0,5.0,5.0,26.92,40.35,1.035,0.965,1.737
English Premier League,Southampton,Away,171.0,39.0,72.0,60.0,23.0,7.0,9.0,1.0,7.0,17.0,57.0,164.0,178.0,297.0,0.8771929824561403,3.4327485380116958,0.5103974358974359,58.97,41.03,23.08,11.11,1.39,28.33,33.33,0.959,1.041,1.737
English Premier League,Southampton,Home,171.0,56.0,51.0,64.0,32.0,14.0,10.0,4.0,10.0,13.0,81.0,192.0,207.0,267.0,1.0175438596491229,3.181286549707602,0.53828375,57.14,42.86,17.86,27.45,7.84,20.31,47.37,1.123,1.211,1.561
English Premier League,Stoke,Away,57.0,15.0,22.0,20.0,10.0,3.0,2.0,0.0,4.0,2.0,19.0,53.0,51.0,101.0,0.8947368421052632,3.3684210526315788,0.5546865384615385,66.67,33.33,13.33,18.18,0.0,10.0,33.33,0.93,0.895,1.772
English Premier League,Stoke,Home,57.0,18.0,17.0,22.0,11.0,5.0,2.0,1.0,1.0,8.0,22.0,75.0,66.0,78.0,0.8947368421052632,3.245614035087719,0.570443396226415,61.11,38.89,11.11,11.76,5.88,36.36,38.6,1.316,1.158,1.368
English Premier League,Sunderland,Away,38.0,4.0,16.0,18.0,2.0,2.0,0.0,1.0,1.0,3.0,18.0,25.0,38.0,77.0,1.1578947368421053,3.6578947368421053,0.6361868421052632,50.0,50.0,0.0,12.5,6.25,16.67,47.37,0.658,1.0,2.026
English Premier League,Sunderland,Home,38.0,7.0,14.0,17.0,4.0,2.0,1.0,1.0,2.0,4.0,16.0,38.0,39.0,54.0,0.9473684210526315,3.6315789473684212,0.5661764705882353,57.14,42.86,14.29,21.43,7.14,23.53,42.11,1.0,1.026,1.421
English Premier League,Swansea,Away,57.0,9.0,24.0,24.0,5.0,2.0,2.0,1.0,4.0,4.0,26.0,43.0,51.0,100.0,0.9473684210526315,3.1052631578947367,0.6066075471698112,55.56,44.44,22.22,20.83,4.17,16.67,45.61,0.754,0.895,1.754
English Premier League,Swansea,Home,57.0,17.0,17.0,23.0,12.0,2.0,3.0,1.0,2.0,9.0,23.0,78.0,64.0,78.0,0.9473684210526315,3.6315789473684212,0.5341903846153846,70.59,29.41,17.65,17.65,5.88,39.13,40.35,1.368,1.123,1.368
English Premier League,Tottenham,Away,190.0,68.0,52.0,70.0,50.0,11.0,7.0,4.0,11.0,24.0,78.0,281.0,327.0,258.0,1.0578947368421052,4.0473684210526315,0.5450382513661202,73.53,26.47,10.29,28.85,7.69,34.29,41.05,1.479,1.721,1.358
English Premier League,Tottenham,Home,190.0,85.0,45.0,60.0,67.0,9.0,9.0,13.0,7.0,38.0,89.0,379.0,375.0,199.0,1.2052631578947368,3.8210526315789473,0.56575,78.82,21.18,10.59,44.44,28.89,63.33,46.84,1.995,1.974,1.047
English Premier League,Watford,Away,114.0,26.0,48.0,40.0,15.0,6.0,5.0,1.0,3.0,9.0,44.0,95.0,109.0,202.0,1.0,3.210526315789474,0.5350055045871559,57.69,42.31,19.23,8.33,2.08,22.5,38.6,0.833,0.956,1.772
English Premier League,Watford,Home,114.0,23.0,42.0,49.0,19.0,2.0,2.0,2.0,8.0,16.0,46.0,138.0,137.0,180.0,0.9736842105263158,3.8771929824561404,0.5871772277227724,82.61,17.39,8.7,23.81,4.76,32.65,40.35,1.211,1.202,1.579
English Premier League,West Brom,Away,76.0,14.0,30.0,32.0,5.0,6.0,3.0,1.0,5.0,6.0,34.0,60.0,60.0,115.0,0.7763157894736842,3.3684210526315788,0.5581154929577464,35.71,64.29,21.43,20.0,3.33,18.75,44.74,0.789,0.789,1.513
English Premier League,West Brom,Home,76.0,18.0,22.0,36.0,13.0,3.0,2.0,1.0,3.0,7.0,29.0,85.0,83.0,116.0,0.868421052631579,2.9473684210526314,0.5257338235294118,72.22,27.78,11.11,18.18,4.55,19.44,38.16,1.118,1.092,1.526
English Premier League,West Ham,Away,190.0,49.0,66.0,75.0,33.0,7.0,9.0,6.0,10.0,18.0,81.0,214.0,247.0,312.0,1.0842105263157895,3.236842105263158,0.5764812154696132,67.35,32.65,18.37,24.24,9.09,24.0,42.63,1.126,1.3,1.642
English Premier League,West Ham,Home,190.0,62.0,55.0,73.0,44.0,14.0,4.0,6.0,9.0,27.0,78.0,282.0,284.0,277.0,0.9789473684210527,3.294736842105263,0.5327994535519125,70.97,29.03,6.45,27.27,10.91,36.99,41.05,1.484,1.495,1.458
English Premier League,Wolves,Away,133.0,23.0,51.0,59.0,13.0,6.0,4.0,8.0,7.0,18.0,65.0,149.0,139.0,201.0,0.9699248120300752,3.7142857142857144,0.6038373015873016,56.52,43.48,17.39,29.41,15.69,30.51,48.87,1.12,1.045,1.511
English Premier League,Wolves,Home,133.0,38.0,44.0,51.0,31.0,2.0,5.0,4.0,7.0,20.0,51.0,192.0,168.0,172.0,0.8571428571428571,4.338345864661654,0.5537039682539683,81.58,18.42,13.16,25.0,9.09,39.22,38.35,1.444,1.263,1.293
French Ligue 1,Ajaccio,Away,19.0,1.0,12.0,6.0,0.0,0.0,1.0,1.0,0.0,2.0,6.0,11.0,13.0,44.0,1.0,4.7368421052631575,0.5491263157894736,0.0,100.0,100.0,8.33,8.33,33.33,31.58,0.579,0.684,2.316
French Ligue 1,Ajaccio,Home,19.0,2.0,9.0,8.0,2.0,0.0,0.0,1.0,0.0,1.0,6.0,15.0,10.0,30.0,0.7368421052631579,4.315789473684211,0.5489625,100.0,0.0,0.0,11.11,11.11,12.5,31.58,0.789,0.526,1.579
French Ligue 1,Ajaccio GFCO,Away,19.0,3.0,9.0,7.0,2.0,1.0,0.0,0.0,1.0,1.0,5.0,15.0,14.0,26.0,0.6842105263157895,4.2105263157894735,0.41666470588235294,66.67,33.33,0.0,11.11,0.0,14.29,26.32,0.789,0.737,1.368
French Ligue 1,Ajaccio GFCO,Home,19.0,6.0,7.0,6.0,4.0,2.0,0.0,0.0,1.0,1.0,5.0,22.0,23.0,32.0,0.7368421052631579,3.8421052631578947,0.4546333333333333,66.67,33.33,0.0,14.29,0.0,16.67,26.32,1.158,1.211,1.684
French Ligue 1,Amiens,Away,52.0,9.0,20.0,23.0,5.0,3.0,1.0,0.0,4.0,2.0,22.0,37.0,36.0,80.0,0.8846153846153846,3.673076923076923,0.570654347826087,55.56,44.44,11.11,20.0,0.0,8.7,42.31,0.712,0.692,1.538
French Ligue 1,Amiens,Home,52.0,17.0,12.0,23.0,11.0,3.0,3.0,0.0,4.0,7.0,25.0,69.0,63.0,64.0,0.9807692307692307,3.6153846153846154,0.6000021739130434,64.71,35.29,17.65,33.33,0.0,30.43,48.08,1.327,1.212,1.231
French Ligue 1,Angers,Away,163.0,37.0,65.0,61.0,22.0,11.0,4.0,2.0,10.0,14.0,66.0,157.0,152.0,254.0,0.9079754601226994,3.8895705521472395,0.515347972972973,59.46,40.54,10.81,18.46,3.08,22.95,40.49,0.963,0.933,1.558
French Ligue 1,Angers,Home,165.0,42.0,54.0,69.0,31.0,5.0,6.0,3.0,6.0,20.0,58.0,204.0,191.0,214.0,0.8848484848484849,3.812121212121212,0.5589769736842106,73.81,26.19,14.29,16.67,5.56,28.99,35.15,1.236,1.158,1.297
French Ligue 1,Auxerre,Away,36.0,9.0,15.0,12.0,4.0,1.0,4.0,1.0,3.0,2.0,18.0,28.0,41.0,69.0,1.1666666666666667,3.1944444444444446,0.54815,44.44,55.56,44.44,26.67,6.67,16.67,50.0,0.778,1.139,1.917
French Ligue 1,Auxerre,Home,36.0,10.0,9.0,17.0,7.0,3.0,0.0,1.0,2.0,4.0,15.0,49.0,42.0,45.0,0.8611111111111112,3.3055555555555554,0.55208125,70.0,30.0,0.0,33.33,11.11,23.53,41.67,1.361,1.167,1.25
French Ligue 1,Bastia,Away,38.0,4.0,13.0,21.0,2.0,2.0,0.0,0.0,1.0,4.0,20.0,25.0,25.0,68.0,1.2105263157894737,4.631578947368421,0.6953694444444446,50.0,50.0,0.0,7.69,0.0,19.05,52.63,0.658,0.658,1.789
French Ligue 1,Bastia,Home,37.0,10.0,4.0,23.0,8.0,2.0,0.0,1.0,0.0,7.0,17.0,59.0,40.0,28.0,0.6756756756756757,4.0,0.638021875,80.0,20.0,0.0,25.0,25.0,30.43,45.95,1.595,1.081,0.757
French Ligue 1,Bordeaux,Away,129.0,34.0,51.0,44.0,23.0,7.0,4.0,1.0,9.0,10.0,45.0,138.0,156.0,222.0,0.9147286821705426,4.124031007751938,0.5071453781512606,67.65,32.35,11.76,19.61,1.96,22.73,34.88,1.07,1.209,1.721
French Ligue 1,Bordeaux,Home,127.0,47.0,29.0,51.0,33.0,8.0,6.0,3.0,7.0,11.0,51.0,180.0,168.0,149.0,0.889763779527559,4.181102362204724,0.559546017699115,70.21,29.79,12.77,34.48,10.34,21.57,40.16,1.417,1.323,1.173
French Ligue 1,Brest,Away,105.0,26.0,50.0,29.0,14.0,8.0,4.0,7.0,4.0,8.0,40.0,111.0,121.0,173.0,0.9047619047619048,3.942857142857143,0.5224020408163266,53.85,46.15,15.38,22.0,14.0,27.59,38.1,1.057,1.152,1.648
French Ligue 1,Brest,Home,105.0,35.0,31.0,39.0,32.0,3.0,0.0,1.0,8.0,13.0,33.0,167.0,161.0,134.0,0.8,3.9523809523809526,0.508903125,91.43,8.57,0.0,29.03,3.23,33.33,31.43,1.59,1.533,1.276
French Ligue 1,Caen,Away,76.0,15.0,24.0,37.0,9.0,5.0,1.0,0.0,2.0,7.0,34.0,66.0,58.0,117.0,0.9078947368421053,3.4473684210526314,0.6161957746478873,60.0,40.0,6.67,8.33,0.0,18.92,44.74,0.868,0.763,1.539
French Ligue 1,Caen,Home,76.0,12.0,23.0,41.0,11.0,1.0,0.0,0.0,3.0,16.0,34.0,96.0,73.0,106.0,0.8026315789473685,4.078947368421052,0.5905782608695652,91.67,8.33,0.0,13.04,0.0,39.02,44.74,1.263,0.961,1.395
French Ligue 1,Clermont,Away,55.0,11.0,25.0,19.0,6.0,3.0,2.0,1.0,4.0,8.0,23.0,58.0,53.0,90.0,1.0545454545454545,3.8727272727272726,0.5333333333333333,54.55,45.45,18.18,20.0,4.0,42.11,41.82,1.055,0.964,1.636
French Ligue 1,Clermont,Home,55.0,11.0,21.0,23.0,7.0,1.0,3.0,2.0,5.0,7.0,26.0,62.0,56.0,88.0,1.0909090909090908,4.418181818181818,0.5726450980392157,63.64,36.36,27.27,33.33,9.52,30.43,47.27,1.127,1.018,1.6
French Ligue 1,Dijon,Away,90.0,15.0,33.0,42.0,5.0,6.0,4.0,2.0,4.0,3.0,46.0,52.0,76.0,177.0,1.1666666666666667,3.511111111111111,0.5484119047619048,33.33,66.67,26.67,18.18,6.06,7.14,51.11,0.578,0.844,1.967
French Ligue 1,Dijon,Home,90.0,22.0,28.0,40.0,17.0,4.0,1.0,2.0,5.0,12.0,36.0,118.0,108.0,124.0,0.8444444444444444,3.6333333333333333,0.55851125,77.27,22.73,4.55,25.0,7.14,30.0,40.0,1.311,1.2,1.378
French Ligue 1,Guingamp,Away,76.0,11.0,34.0,31.0,5.0,3.0,3.0,1.0,3.0,7.0,29.0,57.0,64.0,144.0,1.131578947368421,3.8947368421052633,0.6363470588235294,45.45,54.55,27.27,11.76,2.94,22.58,38.16,0.75,0.842,1.895
French Ligue 1,Guingamp,Home,76.0,20.0,14.0,42.0,12.0,6.0,2.0,0.0,5.0,17.0,42.0,111.0,105.0,92.0,1.0657894736842106,3.9210526315789473,0.6178070422535211,60.0,40.0,10.0,35.71,0.0,40.48,55.26,1.461,1.382,1.211
French Ligue 1,Le Havre,Away,34.0,6.0,12.0,16.0,3.0,2.0,1.0,0.0,2.0,5.0,14.0,35.0,41.0,56.0,0.7058823529411765,4.323529411764706,0.5761935483870968,50.0,50.0,16.67,16.67,0.0,31.25,41.18,1.029,1.206,1.647
French Ligue 1,Le Havre,Home,34.0,6.0,12.0,16.0,5.0,1.0,0.0,0.0,0.0,4.0,14.0,31.0,33.0,60.0,1.0588235294117647,3.764705882352941,0.6354124999999999,83.33,16.67,0.0,0.0,0.0,25.0,41.18,0.912,0.971,1.765
French Ligue 1,Lens,Away,91.0,34.0,26.0,31.0,27.0,4.0,3.0,2.0,5.0,8.0,27.0,138.0,122.0,108.0,0.7252747252747253,4.758241758241758,0.5025821428571429,79.41,20.59,8.82,26.92,7.69,25.81,29.67,1.516,1.341,1.187
French Ligue 1,Lens,Home,91.0,36.0,16.0,39.0,29.0,6.0,1.0,1.0,5.0,19.0,42.0,168.0,150.0,99.0,0.967032967032967,4.175824175824176,0.5939655172413792,80.56,19.44,2.78,37.5,6.25,48.72,46.15,1.846,1.648,1.088
French Ligue 1,Lille,Away,180.0,55.0,49.0,76.0,42.0,9.0,4.0,7.0,10.0,18.0,76.0,250.0,212.0,214.0,0.8444444444444444,4.4222222222222225,0.5695426829268293,76.36,23.64,7.27,34.69,14.29,23.68,42.22,1.389,1.178,1.189
French Ligue 1,Lille,Home,182.0,76.0,39.0,67.0,62.0,10.0,4.0,8.0,8.0,28.0,67.0,342.0,292.0,172.0,0.8846153846153846,4.049450549450549,0.5177313253012048,81.58,18.42,5.26,41.03,20.51,41.79,36.81,1.879,1.604,0.945
French Ligue 1,Lorient,Away,112.0,14.0,48.0,50.0,6.0,5.0,3.0,4.0,7.0,9.0,50.0,88.0,117.0,226.0,1.0892857142857142,3.580357142857143,0.5857836538461538,42.86,57.14,21.43,22.92,8.33,18.0,44.64,0.786,1.045,2.018
French Ligue 1,Lorient,Home,112.0,33.0,33.0,46.0,25.0,4.0,4.0,7.0,6.0,11.0,50.0,156.0,154.0,152.0,1.0,4.0,0.6078778846153846,75.76,24.24,12.12,39.39,21.21,23.91,44.64,1.393,1.375,1.357
French Ligue 1,Lyon,Away,181.0,57.0,56.0,68.0,44.0,11.0,2.0,10.0,10.0,27.0,82.0,283.0,307.0,247.0,1.0441988950276244,4.254143646408839,0.549460465116279,77.19,22.81,3.51,35.71,17.86,39.71,45.3,1.564,1.696,1.365
French Ligue 1,Lyon,Home,180.0,85.0,37.0,58.0,71.0,11.0,3.0,8.0,7.0,24.0,68.0,346.0,362.0,203.0,1.0611111111111111,3.6555555555555554,0.5344535294117647,83.53,16.47,3.53,40.54,21.62,41.38,37.78,1.922,2.011,1.128
French Ligue 1,Marseille,Away,181.0,60.0,45.0,76.0,45.0,10.0,5.0,3.0,8.0,31.0,74.0,283.0,268.0,232.0,0.8895027624309392,4.254143646408839,0.5716289940828402,75.0,25.0,8.33,24.44,6.67,40.79,40.88,1.564,1.481,1.282
French Ligue 1,Marseille,Home,181.0,65.0,35.0,81.0,57.0,7.0,1.0,5.0,14.0,34.0,77.0,340.0,328.0,192.0,0.994475138121547,3.9392265193370166,0.5778378698224853,87.69,12.31,1.54,54.29,14.29,41.98,42.54,1.878,1.812,1.061
French Ligue 1,Metz,Away,107.0,21.0,42.0,44.0,13.0,5.0,3.0,3.0,5.0,9.0,43.0,102.0,96.0,186.0,0.9906542056074766,4.018691588785047,0.5425193877551021,61.9,38.1,14.29,19.05,7.14,20.45,40.19,0.953,0.897,1.738
French Ligue 1,Metz,Home,107.0,25.0,36.0,46.0,14.0,8.0,3.0,1.0,5.0,11.0,46.0,108.0,118.0,172.0,0.8785046728971962,3.794392523364486,0.5368578431372549,56.0,44.0,12.0,16.67,2.78,23.91,42.99,1.009,1.103,1.607
French Ligue 1,Monaco,Away,181.0,66.0,49.0,66.0,49.0,12.0,5.0,4.0,12.0,29.0,76.0,293.0,299.0,250.0,0.988950276243094,3.9668508287292816,0.5500783625730994,74.24,25.76,7.58,32.65,8.16,43.94,41.99,1.619,1.652,1.381
French Ligue 1,Monaco,Home,181.0,77.0,39.0,65.0,66.0,8.0,3.0,8.0,8.0,35.0,72.0,363.0,374.0,200.0,1.138121546961326,4.18232044198895,0.5580140350877193,85.71,14.29,3.9,41.03,20.51,53.85,39.78,2.006,2.066,1.105
French Ligue 1,Montpellier,Away,181.0,46.0,65.0,70.0,27.0,13.0,6.0,3.0,10.0,19.0,79.0,193.0,203.0,286.0,1.0055248618784531,3.994475138121547,0.5547617647058822,58.7,41.3,13.04,20.0,4.62,27.14,43.65,1.066,1.122,1.58
French Ligue 1,Montpellier,Home,181.0,48.0,56.0,77.0,35.0,6.0,7.0,7.0,14.0,25.0,82.0,250.0,258.0,248.0,1.0276243093922652,4.375690607734807,0.5674202380952381,72.92,27.08,14.58,37.5,12.5,32.47,45.3,1.381,1.425,1.37
French Ligue 1,Nancy,Away,19.0,2.0,5.0,12.0,1.0,1.0,0.0,0.0,0.0,1.0,9.0,11.0,8.0,29.0,1.1578947368421053,3.789473684210526,0.65625,50.0,50.0,0.0,0.0,0.0,8.33,47.37,0.579,0.421,1.526
French Ligue 1,Nancy,Home,19.0,7.0,4.0,8.0,5.0,0.0,2.0,0.0,0.0,2.0,7.0,24.0,21.0,23.0,1.2105263157894737,3.5789473684210527,0.6627411764705882,71.43,28.57,28.57,0.0,0.0,25.0,36.84,1.263,1.105,1.211
French Ligue 1,Nantes,Away,181.0,41.0,57.0,83.0,22.0,14.0,5.0,2.0,8.0,22.0,82.0,190.0,183.0,264.0,0.8674033149171271,4.110497237569061,0.5741035928143713,53.66,46.34,12.2,17.54,3.51,26.51,45.3,1.05,1.011,1.459
French Ligue 1,Nantes,Home,181.0,51.0,44.0,86.0,32.0,13.0,6.0,3.0,9.0,31.0,91.0,246.0,210.0,219.0,1.011049723756906,3.889502762430939,0.6127512048192771,62.75,37.25,11.76,27.27,6.82,36.05,50.28,1.359,1.16,1.21
French Ligue 1,Nice,Away,180.0,50.0,56.0,74.0,32.0,14.0,4.0,8.0,7.0,25.0,72.0,251.0,219.0,214.0,0.8055555555555556,4.1,0.5221754601226993,64.0,36.0,8.0,26.79,14.29,33.78,40.0,1.394,1.217,1.189
French Ligue 1,Nice,Home,182.0,70.0,41.0,71.0,59.0,9.0,2.0,8.0,7.0,31.0,74.0,333.0,282.0,184.0,0.9010989010989011,3.8351648351648353,0.5177543859649123,84.29,15.71,2.86,36.59,19.51,43.66,40.66,1.83,1.549,1.011
French Ligue 1,Nimes,Away,52.0,5.0,23.0,24.0,4.0,1.0,0.0,1.0,2.0,8.0,21.0,49.0,57.0,99.0,1.1923076923076923,3.8461538461538463,0.5877081632653061,80.0,20.0,0.0,13.04,4.35,33.33,40.38,0.942,1.096,1.904
French Ligue 1,Nimes,Home,52.0,15.0,20.0,17.0,11.0,2.0,2.0,0.0,6.0,7.0,23.0,66.0,69.0,74.0,1.0,5.1923076923076925,0.558478,73.33,26.67,13.33,30.0,0.0,41.18,44.23,1.269,1.327,1.423
French Ligue 1,Paris SG,Away,180.0,86.0,23.0,71.0,81.0,4.0,1.0,4.0,7.0,40.0,69.0,404.0,408.0,162.0,1.2055555555555555,3.5388888888888888,0.6060005847953216,94.19,5.81,1.16,47.83,17.39,56.34,38.33,2.244,2.267,0.9
French Ligue 1,Paris SG,Home,181.0,114.0,17.0,50.0,107.0,6.0,1.0,3.0,7.0,29.0,53.0,444.0,503.0,144.0,1.3756906077348066,3.3480662983425415,0.545676,93.86,6.14,0.88,58.82,17.65,58.0,29.28,2.453,2.779,0.796
French Ligue 1,Reims,Away,143.0,32.0,41.0,70.0,20.0,9.0,3.0,1.0,8.0,16.0,58.0,161.0,148.0,195.0,0.8321678321678322,3.804195804195804,0.5567566929133858,62.5,37.5,9.38,21.95,2.44,22.86,40.56,1.126,1.035,1.364
French Ligue 1,Reims,Home,143.0,48.0,39.0,56.0,33.0,8.0,7.0,2.0,9.0,14.0,53.0,193.0,166.0,158.0,0.7622377622377622,3.9510489510489513,0.5174733870967743,68.75,31.25,14.58,28.21,5.13,25.0,37.06,1.35,1.161,1.105
French Ligue 1,Rennes,Away,181.0,50.0,53.0,78.0,35.0,12.0,3.0,5.0,14.0,16.0,86.0,220.0,236.0,246.0,0.9723756906077348,3.867403314917127,0.5972598837209303,70.0,30.0,6.0,35.85,9.43,20.51,47.51,1.215,1.304,1.359
French Ligue 1,Rennes,Home,181.0,67.0,34.0,80.0,50.0,13.0,4.0,2.0,8.0,43.0,92.0,321.0,302.0,185.0,1.0607734806629834,4.204419889502763,0.5941286516853932,74.63,25.37,5.97,29.41,5.88,53.75,50.83,1.773,1.669,1.022
French Ligue 1,St Etienne,Away,145.0,28.0,52.0,65.0,18.0,5.0,5.0,3.0,4.0,20.0,61.0,153.0,143.0,231.0,1.0344827586206897,4.006896551724138,0.5866441176470588,64.29,35.71,17.86,13.46,5.77,30.77,42.07,1.055,0.986,1.593
French Ligue 1,St Etienne,Home,145.0,34.0,52.0,59.0,27.0,4.0,3.0,8.0,15.0,22.0,65.0,214.0,198.0,192.0,1.0758620689655172,3.8413793103448275,0.5518833333333333,79.41,20.59,8.82,44.23,15.38,37.29,44.83,1.476,1.366,1.324
French Ligue 1,Strasbourg,Away,143.0,35.0,53.0,55.0,23.0,9.0,3.0,0.0,8.0,14.0,50.0,153.0,171.0,219.0,0.8671328671328671,3.7482517482517483,0.5620272058823529,65.71,34.29,8.57,15.09,0.0,25.45,34.97,1.07,1.196,1.531
French Ligue 1,Strasbourg,Home,142.0,47.0,44.0,51.0,32.0,12.0,3.0,5.0,11.0,20.0,63.0,213.0,217.0,182.0,0.8802816901408451,4.176056338028169,0.5487142857142857,68.09,31.91,6.38,36.36,11.36,39.22,44.37,1.5,1.528,1.282
French Ligue 1,Toulouse,Away,144.0,29.0,52.0,63.0,19.0,6.0,4.0,5.0,7.0,8.0,60.0,134.0,135.0,227.0,0.9930555555555556,4.083333333333333,0.5604165354330709,65.52,34.48,13.79,23.08,9.62,12.7,41.67,0.931,0.938,1.576
French Ligue 1,Toulouse,Home,142.0,34.0,36.0,72.0,21.0,8.0,5.0,3.0,9.0,18.0,69.0,171.0,179.0,184.0,0.852112676056338,4.183098591549296,0.6165569230769231,61.76,38.24,14.71,33.33,8.33,25.0,48.59,1.204,1.261,1.296
French Ligue 1,Troyes,Away,76.0,14.0,32.0,30.0,4.0,5.0,5.0,1.0,4.0,6.0,44.0,43.0,74.0,169.0,1.381578947368421,3.3947368421052633,0.6183894736842106,28.57,71.43,35.71,15.62,3.12,20.0,57.89,0.566,0.974,2.224
French Ligue 1,Troyes,Home,76.0,18.0,31.0,27.0,9.0,9.0,0.0,0.0,7.0,5.0,31.0,70.0,68.0,107.0,0.8157894736842105,4.0394736842105265,0.5492782608695652,50.0,50.0,0.0,22.58,0.0,18.52,40.79,0.921,0.895,1.408
German Bundesliga,Augsburg,Away,170.0,38.0,66.0,66.0,22.0,7.0,9.0,4.0,8.0,14.0,67.0,162.0,186.0,308.0,1.0,3.764705882352941,0.5159690322580646,57.89,42.11,23.68,18.18,6.06,21.21,39.41,0.953,1.094,1.812
German Bundesliga,Augsburg,Home,170.0,45.0,49.0,76.0,30.0,11.0,4.0,5.0,7.0,20.0,73.0,213.0,232.0,259.0,0.9529411764705882,4.158823529411765,0.5758849056603773,66.67,33.33,8.89,24.49,10.2,26.32,42.94,1.253,1.365,1.524
German Bundesliga,Bayern Munich,Away,170.0,93.0,25.0,52.0,83.0,4.0,6.0,4.0,5.0,27.0,53.0,369.0,395.0,185.0,1.0941176470588236,3.4058823529411764,0.4996524390243902,89.25,10.75,6.45,36.0,16.0,51.92,31.18,2.171,2.324,1.088
German Bundesliga,Bayern Munich,Home,170.0,105.0,18.0,47.0,95.0,8.0,2.0,6.0,6.0,32.0,57.0,425.0,535.0,142.0,1.576470588235294,2.652941176470588,0.5347630952380953,90.48,9.52,1.9,66.67,33.33,68.09,33.53,2.5,3.147,0.835
German Bundesliga,Bielefeld,Away,34.0,5.0,14.0,15.0,3.0,2.0,0.0,0.0,2.0,3.0,14.0,27.0,25.0,59.0,1.0588235294117647,3.176470588235294,0.6091419354838711,60.0,40.0,0.0,14.29,0.0,20.0,41.18,0.794,0.735,1.735
German Bundesliga,Bielefeld,Home,34.0,3.0,10.0,21.0,2.0,1.0,0.0,0.0,3.0,6.0,17.0,36.0,28.0,46.0,0.8823529411764706,3.676470588235294,0.6930096774193548,66.67,33.33,0.0,30.0,0.0,28.57,50.0,1.059,0.824,1.353
German Bundesliga,Bochum,Away,67.0,9.0,33.0,25.0,5.0,1.0,3.0,1.0,2.0,4.0,23.0,42.0,60.0,154.0,1.1194029850746268,3.8507462686567164,0.5492812499999999,55.56,44.44,33.33,9.09,3.03,16.0,34.33,0.627,0.896,2.299
German Bundesliga,Bochum,Home,68.0,23.0,22.0,23.0,15.0,8.0,0.0,0.0,4.0,9.0,29.0,90.0,91.0,111.0,0.9558823529411765,4.220588235294118,0.5808090909090907,65.22,34.78,0.0,18.18,0.0,39.13,42.65,1.324,1.338,1.632
German Bundesliga,Darmstadt,Away,51.0,10.0,17.0,24.0,5.0,2.0,3.0,0.0,2.0,5.0,24.0,41.0,48.0,104.0,1.2941176470588236,4.372549019607843,0.6037408163265306,50.0,50.0,30.0,11.76,0.0,20.83,47.06,0.804,0.941,2.039
German Bundesliga,Darmstadt,Home,51.0,11.0,22.0,18.0,5.0,4.0,2.0,0.0,3.0,4.0,22.0,39.0,48.0,98.0,1.0,4.137254901960785,0.5867297872340425,45.45,54.55,18.18,13.64,0.0,22.22,43.14,0.765,0.941,1.922
German Bundesliga,Dortmund,Away,170.0,62.0,53.0,55.0,49.0,9.0,4.0,10.0,10.0,21.0,67.0,280.0,309.0,247.0,1.0823529411764705,3.776470588235294,0.5376509202453988,79.03,20.97,6.45,37.74,18.87,38.18,39.41,1.647,1.818,1.453
German Bundesliga,Dortmund,Home,170.0,93.0,28.0,49.0,83.0,8.0,2.0,7.0,6.0,30.0,60.0,386.0,456.0,195.0,1.3470588235294119,3.5470588235294116,0.5698542168674698,89.25,10.75,2.15,46.43,25.0,61.22,35.29,2.271,2.682,1.147
German Bundesliga,Ein Frankfurt,Away,170.0,46.0,55.0,69.0,32.0,11.0,3.0,3.0,7.0,17.0,69.0,198.0,223.0,286.0,1.011764705882353,4.041176470588235,0.5500586419753086,69.57,30.43,6.52,18.18,5.45,24.64,40.59,1.165,1.312,1.682
German Bundesliga,Ein Frankfurt,Home,170.0,64.0,46.0,60.0,50.0,11.0,3.0,8.0,15.0,19.0,67.0,287.0,302.0,212.0,0.9647058823529412,4.258823529411765,0.5388251572327044,78.12,21.88,4.69,50.0,17.39,31.67,39.41,1.688,1.776,1.247
German Bundesliga,FC Koln,Away,136.0,28.0,56.0,52.0,16.0,9.0,3.0,5.0,8.0,8.0,50.0,131.0,155.0,254.0,1.0147058823529411,4.0661764705882355,0.5865746031746032,57.14,42.86,10.71,23.21,8.93,15.38,36.76,0.963,1.14,1.868
German Bundesliga,FC Koln,Home,136.0,33.0,46.0,57.0,20.0,8.0,5.0,6.0,7.0,19.0,60.0,173.0,183.0,192.0,0.9926470588235294,4.029411764705882,0.5593352,60.61,39.39,15.15,28.26,13.04,33.33,44.12,1.272,1.346,1.412
German Bundesliga,Fortuna Dusseldorf,Away,34.0,8.0,15.0,11.0,4.0,2.0,2.0,0.0,4.0,2.0,14.0,29.0,40.0,76.0,1.3823529411764706,3.9411764705882355,0.6416,50.0,50.0,25.0,26.67,0.0,18.18,41.18,0.853,1.176,2.235
German Bundesliga,Fortuna Dusseldorf,Home,34.0,9.0,7.0,18.0,7.0,1.0,1.0,1.0,0.0,5.0,16.0,45.0,45.0,56.0,1.2352941176470589,4.235294117647059,0.6596030303030302,77.78,22.22,11.11,14.29,14.29,27.78,47.06,1.324,1.324,1.647
German Bundesliga,Freiburg,Away,153.0,35.0,51.0,67.0,24.0,4.0,7.0,2.0,5.0,17.0,54.0,169.0,175.0,275.0,0.9934640522875817,3.366013071895425,0.5850820143884893,68.57,31.43,20.0,13.73,3.92,25.37,35.29,1.105,1.144,1.797
German Bundesliga,Freiburg,Home,153.0,49.0,35.0,69.0,41.0,4.0,4.0,3.0,8.0,27.0,58.0,255.0,248.0,202.0,0.9150326797385621,3.810457516339869,0.5675784722222222,83.67,16.33,8.16,31.43,8.57,39.13,37.91,1.667,1.621,1.32
German Bundesliga,Greuther Furth,Away,17.0,4.0,7.0,6.0,0.0,1.0,3.0,0.0,0.0,0.0,7.0,4.0,13.0,49.0,1.588235294117647,3.2941176470588234,0.5911133333333333,0.0,100.0,75.0,0.0,0.0,0.0,41.18,0.235,0.765,2.882
German Bundesliga,Greuther Furth,Home,17.0,2.0,8.0,7.0,2.0,0.0,0.0,0.0,1.0,1.0,4.0,14.0,15.0,33.0,0.7058823529411765,3.2941176470588234,0.6382714285714286,100.0,0.0,0.0,12.5,0.0,14.29,23.53,0.824,0.882,1.941
German Bundesliga,Hamburg,Away,51.0,8.0,18.0,25.0,6.0,2.0,0.0,0.0,1.0,4.0,20.0,41.0,44.0,93.0,1.1176470588235294,3.6470588235294117,0.5914847826086956,75.0,25.0,0.0,5.56,0.0,16.0,39.22,0.804,0.863,1.824
German Bundesliga,Hamburg,Home,51.0,10.0,13.0,28.0,6.0,2.0,2.0,1.0,2.0,12.0,27.0,69.0,58.0,67.0,0.9019607843137255,4.627450980392157,0.6345511111111111,60.0,40.0,20.0,23.08,7.69,42.86,52.94,1.353,1.137,1.314
German Bundesliga,Hannover,Away,51.0,4.0,26.0,21.0,1.0,2.0,1.0,2.0,4.0,2.0,21.0,30.0,48.0,106.0,0.9607843137254902,3.7254901960784315,0.563,25.0,75.0,25.0,23.08,7.69,9.52,41.18,0.588,0.941,2.078
German Bundesliga,Hannover,Home,51.0,11.0,21.0,19.0,10.0,1.0,0.0,0.0,1.0,7.0,19.0,55.0,58.0,81.0,1.0,3.5294117647058822,0.5675183673469387,90.91,9.09,0.0,4.76,0.0,36.84,37.25,1.078,1.137,1.588
German Bundesliga,Heidenheim,Away,34.0,6.0,18.0,10.0,5.0,1.0,0.0,0.0,5.0,3.0,12.0,34.0,44.0,60.0,0.7058823529411765,4.147058823529412,0.4165264705882353,83.33,16.67,0.0,27.78,0.0,30.0,35.29,1.0,1.294,1.765
German Bundesliga,Heidenheim,Home,34.0,7.0,17.0,10.0,6.0,0.0,1.0,2.0,2.0,2.0,10.0,37.0,43.0,59.0,0.9411764705882353,3.6470588235294117,0.6150833333333333,85.71,14.29,14.29,23.53,11.76,20.0,29.41,1.088,1.265,1.735
German Bundesliga,Hertha,Away,136.0,26.0,61.0,49.0,18.0,4.0,4.0,4.0,8.0,9.0,49.0,125.0,152.0,237.0,1.0147058823529411,3.7794117647058822,0.5871795275590551,69.23,30.77,15.38,19.67,6.56,18.37,36.03,0.919,1.118,1.743
German Bundesliga,Hertha,Home,136.0,43.0,43.0,50.0,32.0,8.0,3.0,4.0,6.0,18.0,49.0,198.0,193.0,206.0,1.0,3.7279411764705883,0.5351007936507935,74.42,25.58,6.98,23.26,9.3,36.0,36.03,1.456,1.419,1.515
German Bundesliga,Hoffenheim,Away,170.0,46.0,62.0,62.0,27.0,11.0,8.0,6.0,12.0,14.0,69.0,194.0,263.0,293.0,1.0235294117647058,4.029411764705882,0.5350475308641975,58.7,41.3,17.39,29.03,9.68,22.58,40.59,1.141,1.547,1.724
German Bundesliga,Hoffenheim,Home,170.0,57.0,51.0,62.0,42.0,13.0,2.0,8.0,7.0,25.0,71.0,266.0,299.0,256.0,1.0823529411764705,3.776470588235294,0.5386240740740741,73.68,26.32,3.51,29.41,15.69,40.32,41.76,1.565,1.759,1.506
German Bundesliga,Holstein Kiel,Away,17.0,5.0,12.0,0.0,2.0,3.0,0.0,0.0,2.0,0.0,5.0,11.0,25.0,39.0,0.7647058823529411,4.764705882352941,0.5214352941176471,40.0,60.0,0.0,16.67,0.0,,29.41,0.647,1.471,2.294
German Bundesliga,Holstein Kiel,Home,17.0,4.0,9.0,4.0,4.0,0.0,0.0,0.0,1.0,0.0,4.0,14.0,24.0,41.0,0.8235294117647058,4.529411764705882,0.3760529411764706,100.0,0.0,0.0,11.11,0.0,0.0,23.53,0.824,1.412,2.412
German Bundesliga,Ingolstadt,Away,34.0,5.0,11.0,18.0,3.0,2.0,0.0,0.0,2.0,4.0,18.0,29.0,26.0,51.0,0.9411764705882353,4.882352941176471,0.59784375,60.0,40.0,0.0,18.18,0.0,22.22,52.94,0.853,0.765,1.5
German Bundesliga,Ingolstadt,Home,34.0,10.0,9.0,15.0,6.0,4.0,0.0,3.0,0.0,2.0,16.0,43.0,43.0,48.0,1.0588235294117647,4.029411764705882,0.5904060606060606,60.0,40.0,0.0,33.33,33.33,13.33,47.06,1.265,1.265,1.412
German Bundesliga,Leverkusen,Away,170.0,64.0,44.0,62.0,56.0,7.0,1.0,9.0,10.0,19.0,66.0,292.0,306.0,225.0,1.0588235294117647,3.8588235294117648,0.5515056603773585,87.5,12.5,1.56,43.18,20.45,30.65,38.82,1.718,1.8,1.324
German Bundesliga,Leverkusen,Home,170.0,79.0,32.0,59.0,62.0,10.0,7.0,5.0,3.0,24.0,60.0,310.0,342.0,212.0,1.0823529411764705,3.876470588235294,0.553900625,78.48,21.52,8.86,25.0,15.62,40.68,35.29,1.824,2.012,1.247
German Bundesliga,M'gladbach,Away,170.0,48.0,61.0,61.0,27.0,15.0,6.0,4.0,12.0,15.0,79.0,184.0,240.0,314.0,1.1647058823529413,3.541176470588235,0.5399811320754717,56.25,43.75,12.5,26.23,6.56,24.59,46.47,1.082,1.412,1.847
German Bundesliga,M'gladbach,Home,170.0,65.0,30.0,75.0,52.0,7.0,6.0,3.0,3.0,33.0,69.0,299.0,321.0,215.0,1.0470588235294118,3.9647058823529413,0.5906037037037036,80.0,20.0,9.23,20.0,10.0,44.0,40.59,1.759,1.888,1.265
German Bundesliga,Mainz,Away,170.0,46.0,67.0,57.0,32.0,10.0,4.0,2.0,9.0,11.0,62.0,174.0,204.0,307.0,0.9764705882352941,4.170588235294118,0.510755625,69.57,30.43,8.7,16.42,2.99,19.3,36.47,1.024,1.2,1.806
German Bundesliga,Mainz,Home,170.0,58.0,46.0,66.0,42.0,12.0,4.0,6.0,10.0,19.0,74.0,247.0,251.0,214.0,0.9588235294117647,4.358823529411764,0.5166445859872612,72.41,27.59,6.9,34.78,13.04,28.79,43.53,1.453,1.476,1.259
German Bundesliga,Nurnberg,Away,17.0,2.0,12.0,3.0,0.0,1.0,1.0,0.0,2.0,0.0,7.0,3.0,10.0,46.0,1.411764705882353,3.3529411764705883,0.5315117647058824,0.0,100.0,50.0,16.67,0.0,0.0,41.18,0.176,0.588,2.706
German Bundesliga,Nurnberg,Home,17.0,2.0,4.0,11.0,1.0,0.0,1.0,0.0,2.0,2.0,9.0,16.0,16.0,22.0,1.2941176470588236,3.7058823529411766,0.74479375,50.0,50.0,50.0,50.0,0.0,18.18,52.94,0.941,0.941,1.294
German Bundesliga,Paderborn,Away,17.0,2.0,7.0,8.0,0.0,2.0,0.0,0.0,1.0,2.0,8.0,12.0,16.0,28.0,0.8823529411764706,3.764705882352941,0.5488933333333333,0.0,100.0,0.0,14.29,0.0,25.0,47.06,0.706,0.941,1.647
German Bundesliga,Paderborn,Home,17.0,2.0,11.0,4.0,2.0,0.0,0.0,0.0,0.0,0.0,2.0,8.0,21.0,46.0,1.0588235294117647,5.352941176470588,0.41764705882352937,100.0,0.0,0.0,0.0,0.0,0.0,11.76,0.471,1.235,2.706
German Bundesliga,RB Leipzig,Away,153.0,55.0,41.0,57.0,44.0,9.0,2.0,4.0,8.0,20.0,58.0,243.0,269.0,200.0,1.0196078431372548,4.222222222222222,0.5828524475524475,80.0,20.0,3.64,29.27,9.76,35.09,37.91,1.588,1.758,1.307
German Bundesliga,RB Leipzig,Home,153.0,77.0,30.0,46.0,65.0,6.0,6.0,7.0,10.0,20.0,53.0,314.0,324.0,155.0,1.130718954248366,3.9215686274509802,0.5233787234042554,84.42,15.58,7.79,56.67,23.33,43.48,34.64,2.052,2.118,1.013
German Bundesliga,Schalke 04,Away,119.0,19.0,46.0,54.0,16.0,2.0,1.0,0.0,7.0,12.0,42.0,115.0,127.0,217.0,1.0588235294117647,4.0588235294117645,0.599011009174312,84.21,15.79,5.26,15.22,0.0,22.22,35.29,0.966,1.067,1.824
German Bundesliga,Schalke 04,Home,119.0,39.0,35.0,45.0,25.0,12.0,2.0,1.0,4.0,17.0,47.0,162.0,157.0,179.0,1.084033613445378,4.109243697478991,0.5873098214285714,64.1,35.9,5.13,14.29,2.86,37.78,39.5,1.361,1.319,1.504
German Bundesliga,St Pauli,Away,17.0,6.0,5.0,6.0,4.0,2.0,0.0,0.0,0.0,1.0,7.0,18.0,18.0,22.0,0.7647058823529411,4.176470588235294,0.4385375,66.67,33.33,0.0,0.0,0.0,16.67,41.18,1.059,1.059,1.294
German Bundesliga,St Pauli,Home,17.0,3.0,7.0,7.0,2.0,1.0,0.0,0.0,2.0,1.0,8.0,14.0,10.0,19.0,0.9411764705882353,3.7058823529411766,0.6166666666666667,66.67,33.33,0.0,28.57,0.0,14.29,47.06,0.824,0.588,1.118
German Bundesliga,Stuttgart,Away,136.0,27.0,48.0,61.0,19.0,5.0,3.0,2.0,8.0,15.0,58.0,142.0,177.0,254.0,1.0955882352941178,4.147058823529412,0.6002434108527132,70.37,29.63,11.11,20.83,4.17,24.59,42.65,1.044,1.301,1.868
German Bundesliga,Stuttgart,Home,136.0,45.0,45.0,46.0,36.0,7.0,2.0,6.0,10.0,16.0,58.0,204.0,225.0,190.0,1.0514705882352942,4.036764705882353,0.5623706766917294,80.0,20.0,4.44,35.56,13.33,34.78,42.65,1.5,1.654,1.397
German Bundesliga,Union Berlin,Away,102.0,21.0,39.0,42.0,12.0,4.0,5.0,4.0,2.0,12.0,41.0,106.0,109.0,173.0,1.0392156862745099,3.950980392156863,0.5916326315789474,57.14,42.86,23.81,15.38,10.26,28.57,40.2,1.039,1.069,1.696
German Bundesliga,Union Berlin,Home,101.0,31.0,23.0,47.0,25.0,6.0,0.0,3.0,4.0,21.0,40.0,177.0,151.0,117.0,0.9207920792079208,3.623762376237624,0.5129010752688171,80.65,19.35,0.0,30.43,13.04,44.68,39.6,1.752,1.495,1.158
German Bundesliga,Werder Bremen,Away,153.0,37.0,56.0,60.0,27.0,7.0,3.0,2.0,12.0,19.0,64.0,183.0,220.0,278.0,0.9607843137254902,4.431372549019608,0.563088,72.97,27.03,8.11,25.0,3.57,31.67,41.83,1.196,1.438,1.817
German Bundesliga,Werder Bremen,Home,153.0,42.0,49.0,62.0,32.0,6.0,4.0,1.0,7.0,16.0,54.0,186.0,217.0,241.0,0.8496732026143791,4.071895424836601,0.5355833333333333,76.19,23.81,9.52,16.33,2.04,25.81,35.29,1.216,1.418,1.575
German Bundesliga,Wolfsburg,Away,170.0,50.0,53.0,67.0,38.0,6.0,6.0,1.0,9.0,20.0,66.0,215.0,217.0,264.0,1.0411764705882354,3.947058823529412,0.577183850931677,76.0,24.0,12.0,18.87,1.89,29.85,38.82,1.265,1.276,1.553
German Bundesliga,Wolfsburg,Home,170.0,57.0,49.0,64.0,43.0,8.0,6.0,2.0,13.0,16.0,61.0,236.0,268.0,230.0,0.888235294117647,4.129411764705883,0.5435297468354431,75.44,24.56,10.53,30.61,4.08,25.0,35.88,1.388,1.576,1.353
Italian Serie A,Atalanta,Away,190.0,74.0,46.0,70.0,58.0,13.0,3.0,9.0,11.0,26.0,82.0,327.0,335.0,222.0,1.0947368421052632,4.626315789473685,0.5617173184357541,78.38,21.62,4.05,43.48,19.57,37.14,43.16,1.721,1.763,1.168
Italian Serie A,Atalanta,Home,190.0,64.0,41.0,85.0,54.0,6.0,4.0,9.0,7.0,36.0,80.0,341.0,371.0,221.0,1.0368421052631578,4.321052631578947,0.5980310734463277,84.38,15.62,6.25,39.02,21.95,42.35,42.11,1.795,1.953,1.163
Italian Serie A,Benevento,Away,38.0,5.0,20.0,13.0,3.0,1.0,1.0,1.0,2.0,2.0,15.0,24.0,31.0,80.0,1.0526315789473684,4.7105263157894735,0.5324972972972972,60.0,40.0,20.0,15.0,5.0,15.38,39.47,0.632,0.816,2.105
Italian Serie A,Benevento,Home,38.0,5.0,17.0,16.0,1.0,3.0,1.0,1.0,1.0,5.0,17.0,30.0,42.0,79.0,1.0263157894736843,4.2105263157894735,0.6343027027027027,20.0,80.0,20.0,11.76,5.88,31.25,44.74,0.789,1.105,2.079
Italian Serie A,Bologna,Away,190.0,29.0,67.0,94.0,16.0,9.0,4.0,9.0,7.0,24.0,86.0,200.0,202.0,300.0,0.9105263157894737,4.8052631578947365,0.5838204678362574,55.17,44.83,13.79,23.88,13.43,25.53,45.26,1.053,1.063,1.579
Italian Serie A,Bologna,Home,190.0,60.0,50.0,80.0,40.0,14.0,6.0,7.0,11.0,30.0,90.0,284.0,270.0,224.0,0.9842105263157894,5.021052631578947,0.5735758426966292,66.67,33.33,10.0,36.0,14.0,37.5,47.37,1.495,1.421,1.179
Italian Serie A,Brescia,Away,19.0,2.0,9.0,8.0,0.0,0.0,2.0,0.0,0.0,3.0,8.0,11.0,14.0,45.0,1.368421052631579,5.105263157894737,0.6162263157894737,0.0,100.0,100.0,0.0,0.0,37.5,42.11,0.579,0.737,2.368
Italian Serie A,Brescia,Home,19.0,4.0,6.0,9.0,1.0,1.0,2.0,1.0,1.0,1.0,11.0,14.0,21.0,34.0,1.263157894736842,5.894736842105263,0.6302944444444445,25.0,75.0,50.0,33.33,16.67,11.11,57.89,0.737,1.105,1.789
Italian Serie A,Cagliari,Away,152.0,21.0,70.0,61.0,11.0,6.0,4.0,2.0,12.0,13.0,63.0,118.0,130.0,261.0,0.8618421052631579,4.625,0.5779286713286713,52.38,47.62,19.05,20.0,2.86,21.31,41.45,0.776,0.855,1.717
Italian Serie A,Cagliari,Home,152.0,42.0,56.0,54.0,27.0,11.0,4.0,8.0,9.0,17.0,69.0,193.0,205.0,237.0,0.9671052631578947,4.618421052631579,0.5899685314685315,64.29,35.71,9.52,30.36,14.29,31.48,45.39,1.27,1.349,1.559
Italian Serie A,Carpi,Away,19.0,2.0,8.0,9.0,2.0,0.0,0.0,1.0,1.0,0.0,6.0,15.0,14.0,31.0,0.7894736842105263,5.473684210526316,0.5761933333333332,100.0,0.0,0.0,25.0,12.5,0.0,31.58,0.789,0.737,1.632
Italian Serie A,Carpi,Home,19.0,4.0,7.0,8.0,3.0,0.0,1.0,0.0,1.0,3.0,6.0,23.0,23.0,26.0,0.631578947368421,5.2631578947368425,0.5864625,75.0,25.0,25.0,14.29,0.0,37.5,31.58,1.211,1.211,1.368
Italian Serie A,Chievo,Away,76.0,10.0,31.0,35.0,3.0,3.0,4.0,4.0,2.0,9.0,37.0,64.0,61.0,131.0,1.1842105263157894,4.565789473684211,0.5992405797101449,30.0,70.0,40.0,19.35,12.9,25.71,48.68,0.842,0.803,1.724
Italian Serie A,Chievo,Home,76.0,10.0,19.0,47.0,7.0,3.0,0.0,2.0,3.0,12.0,35.0,89.0,86.0,109.0,0.8552631578947368,4.4868421052631575,0.6490476923076923,70.0,30.0,0.0,26.32,10.53,25.53,46.05,1.171,1.132,1.434
Italian Serie A,Como,Away,19.0,7.0,7.0,5.0,3.0,2.0,2.0,1.0,3.0,1.0,13.0,20.0,21.0,26.0,1.263157894736842,5.0,0.6122842105263158,42.86,57.14,28.57,57.14,14.29,20.0,68.42,1.053,1.105,1.368
Italian Serie A,Como,Home,19.0,7.0,3.0,9.0,4.0,2.0,1.0,0.0,0.0,4.0,9.0,29.0,28.0,26.0,0.9473684210526315,5.2105263157894735,0.6263157894736842,57.14,42.86,14.29,0.0,0.0,44.44,47.37,1.526,1.474,1.368
Italian Serie A,Cremonese,Away,19.0,0.0,10.0,9.0,0.0,0.0,0.0,0.0,3.0,1.0,7.0,11.0,21.0,38.0,0.6842105263157895,4.421052631578948,0.6114052631578947,,,,30.0,0.0,11.11,36.84,0.579,1.105,2.0
Italian Serie A,Cremonese,Home,19.0,5.0,7.0,7.0,4.0,1.0,0.0,0.0,0.0,0.0,5.0,16.0,15.0,31.0,0.7894736842105263,3.526315789473684,0.59791875,80.0,20.0,0.0,0.0,0.0,0.0,26.32,0.842,0.789,1.632
Italian Serie A,Crotone,Away,57.0,5.0,32.0,20.0,2.0,1.0,2.0,2.0,4.0,3.0,26.0,29.0,52.0,131.0,1.280701754385965,4.192982456140351,0.5564945454545455,40.0,60.0,40.0,18.75,6.25,15.0,45.61,0.509,0.912,2.298
Italian Serie A,Crotone,Home,57.0,20.0,17.0,20.0,14.0,4.0,2.0,0.0,1.0,3.0,20.0,63.0,67.0,85.0,0.9473684210526315,4.315789473684211,0.49320925925925924,70.0,30.0,10.0,5.88,0.0,15.0,35.09,1.105,1.175,1.491
Italian Serie A,Empoli,Away,133.0,25.0,50.0,58.0,12.0,9.0,4.0,3.0,6.0,10.0,57.0,113.0,123.0,217.0,0.9624060150375939,4.62406015037594,0.5826909836065574,48.0,52.0,16.0,18.0,6.0,17.24,42.86,0.85,0.925,1.632
Italian Serie A,Empoli,Home,133.0,30.0,44.0,59.0,21.0,7.0,2.0,3.0,8.0,16.0,60.0,154.0,146.0,195.0,0.9473684210526315,4.62406015037594,0.5710708333333334,70.0,30.0,6.67,25.0,6.82,27.12,45.11,1.158,1.098,1.466
Italian Serie A,Fiorentina,Away,190.0,51.0,61.0,78.0,40.0,8.0,3.0,3.0,9.0,17.0,69.0,229.0,251.0,269.0,0.7473684210526316,5.163157894736842,0.5548793103448276,78.43,21.57,5.88,19.67,4.92,21.79,36.32,1.205,1.321,1.416
Italian Serie A,Fiorentina,Home,190.0,73.0,46.0,71.0,57.0,13.0,3.0,5.0,15.0,27.0,77.0,325.0,304.0,209.0,0.9210526315789473,5.021052631578947,0.5482862857142857,78.08,21.92,4.11,43.48,10.87,38.03,40.53,1.711,1.6,1.1
Italian Serie A,Frosinone,Away,57.0,11.0,28.0,18.0,6.0,4.0,1.0,0.0,3.0,1.0,19.0,35.0,48.0,118.0,1.1403508771929824,4.7368421052631575,0.5393788461538461,54.55,45.45,9.09,10.71,0.0,5.56,33.33,0.614,0.842,2.07
Italian Serie A,Frosinone,Home,57.0,12.0,20.0,25.0,6.0,3.0,3.0,2.0,1.0,6.0,24.0,56.0,60.0,96.0,1.105263157894737,5.035087719298246,0.6306142857142857,50.0,50.0,25.0,15.0,10.0,24.0,42.11,0.982,1.053,1.684
Italian Serie A,Genoa,Away,171.0,24.0,66.0,81.0,16.0,6.0,2.0,4.0,9.0,11.0,66.0,144.0,146.0,272.0,0.8888888888888888,4.543859649122807,0.5559266666666667,66.67,33.33,8.33,19.7,6.06,13.58,38.6,0.842,0.854,1.591
Italian Serie A,Genoa,Home,171.0,41.0,47.0,83.0,31.0,5.0,5.0,5.0,10.0,20.0,73.0,218.0,212.0,225.0,0.8596491228070176,4.947368421052632,0.6109141025641025,75.61,24.39,12.2,31.91,10.64,24.1,42.69,1.275,1.24,1.316
Italian Serie A,Inter,Away,190.0,77.0,40.0,73.0,63.0,10.0,4.0,9.0,9.0,31.0,79.0,354.0,339.0,192.0,1.0210526315789474,4.505263157894737,0.5829806629834253,81.82,18.18,5.19,45.0,22.5,42.47,41.58,1.863,1.784,1.011
Italian Serie A,Inter,Home,190.0,100.0,25.0,65.0,80.0,15.0,5.0,7.0,5.0,42.0,84.0,420.0,399.0,160.0,1.1157894736842104,4.131578947368421,0.5764699453551912,80.0,20.0,5.0,48.0,28.0,64.62,44.21,2.211,2.1,0.842
Italian Serie A,Juventus,Away,190.0,71.0,31.0,88.0,57.0,10.0,4.0,3.0,10.0,44.0,90.0,357.0,311.0,192.0,0.9105263157894737,4.6947368421052635,0.5732648044692737,80.28,19.72,5.63,41.94,9.68,50.0,47.37,1.879,1.637,1.011
Italian Serie A,Juventus,Home,190.0,95.0,27.0,68.0,84.0,10.0,1.0,5.0,11.0,51.0,82.0,454.0,375.0,126.0,1.0578947368421052,4.410526315789474,0.5490605405405405,88.42,11.58,1.05,59.26,18.52,75.0,43.16,2.389,1.974,0.663
Italian Serie A,Lazio,Away,190.0,72.0,49.0,69.0,54.0,7.0,11.0,6.0,6.0,30.0,76.0,306.0,293.0,256.0,0.9842105263157894,5.168421052631579,0.5285458563535911,75.0,25.0,15.28,24.49,12.24,43.48,40.0,1.611,1.542,1.347
Italian Serie A,Lazio,Home,190.0,74.0,39.0,77.0,61.0,8.0,5.0,6.0,12.0,38.0,84.0,359.0,365.0,215.0,1.0894736842105264,5.08421052631579,0.6006773480662984,82.43,17.57,6.76,46.15,15.38,49.35,44.21,1.889,1.921,1.132
Italian Serie A,Lecce,Away,76.0,14.0,27.0,35.0,9.0,3.0,2.0,0.0,4.0,7.0,32.0,67.0,66.0,120.0,0.8947368421052632,4.526315789473684,0.5518774647887325,64.29,35.71,14.29,14.81,0.0,20.0,42.11,0.882,0.868,1.579
Italian Serie A,Lecce,Home,76.0,16.0,29.0,31.0,8.0,6.0,2.0,2.0,6.0,7.0,34.0,76.0,78.0,123.0,0.9342105263157895,4.894736842105263,0.5983944444444443,50.0,50.0,12.5,27.59,6.9,22.58,44.74,1.0,1.026,1.618
Italian Serie A,Milan,Away,190.0,72.0,44.0,74.0,57.0,9.0,6.0,5.0,13.0,31.0,83.0,325.0,309.0,235.0,0.9736842105263158,5.121052631578947,0.6009895027624309,79.17,20.83,8.33,40.91,11.36,41.89,43.68,1.711,1.626,1.237
Italian Serie A,Milan,Home,190.0,77.0,31.0,82.0,66.0,9.0,2.0,5.0,6.0,35.0,71.0,366.0,315.0,184.0,0.8368421052631579,4.594736842105263,0.5400369942196532,85.71,14.29,2.6,35.48,16.13,42.68,37.37,1.926,1.658,0.968
Italian Serie A,Monza,Away,57.0,12.0,21.0,24.0,9.0,2.0,1.0,1.0,4.0,4.0,23.0,57.0,54.0,93.0,1.0,4.2631578947368425,0.6040415094339623,75.0,25.0,8.33,23.81,4.76,16.67,40.35,1.0,0.947,1.632
Italian Serie A,Monza,Home,57.0,13.0,21.0,23.0,10.0,1.0,2.0,0.0,3.0,4.0,17.0,58.0,61.0,79.0,0.631578947368421,4.543859649122807,0.5024703703703705,76.92,23.08,15.38,14.29,0.0,17.39,29.82,1.018,1.07,1.386
Italian Serie A,Napoli,Away,190.0,80.0,35.0,75.0,73.0,6.0,1.0,7.0,9.0,31.0,71.0,375.0,346.0,181.0,0.9842105263157894,4.442105263157894,0.5763080459770116,91.25,8.75,1.25,45.71,20.0,41.33,37.37,1.974,1.821,0.953
Italian Serie A,Napoli,Home,190.0,88.0,31.0,71.0,78.0,8.0,2.0,9.0,5.0,36.0,71.0,406.0,391.0,180.0,1.1,4.094736842105263,0.5914187845303867,88.64,11.36,2.27,45.16,29.03,50.7,37.37,2.137,2.058,0.947
Italian Serie A,Palermo,Away,38.0,7.0,16.0,15.0,3.0,3.0,1.0,0.0,1.0,3.0,14.0,28.0,34.0,82.0,1.131578947368421,4.7105263157894735,0.6001666666666667,42.86,57.14,14.29,6.25,0.0,20.0,36.84,0.737,0.895,2.158
Italian Serie A,Palermo,Home,38.0,10.0,14.0,14.0,7.0,2.0,1.0,0.0,0.0,3.0,12.0,37.0,37.0,60.0,0.868421052631579,5.078947368421052,0.5310194444444445,70.0,30.0,10.0,0.0,0.0,21.43,31.58,0.974,0.974,1.579
Italian Serie A,Parma,Away,76.0,22.0,23.0,31.0,9.0,9.0,4.0,1.0,4.0,5.0,38.0,69.0,95.0,143.0,0.9210526315789473,4.25,0.5544619718309859,40.91,59.09,18.18,21.74,4.35,16.13,50.0,0.908,1.25,1.882
Italian Serie A,Parma,Home,76.0,21.0,23.0,32.0,12.0,3.0,6.0,0.0,7.0,7.0,38.0,77.0,85.0,116.0,0.9736842105263158,4.7105263157894735,0.5925478260869566,57.14,42.86,28.57,30.43,0.0,21.88,50.0,1.013,1.118,1.526
Italian Serie A,Pescara,Away,18.0,1.0,10.0,7.0,0.0,1.0,0.0,0.0,1.0,0.0,7.0,4.0,15.0,43.0,1.1666666666666667,4.444444444444445,0.6143555555555555,0.0,100.0,0.0,10.0,0.0,0.0,38.89,0.222,0.833,2.389
Italian Serie A,Pescara,Home,19.0,4.0,7.0,8.0,2.0,1.0,1.0,0.0,1.0,0.0,8.0,11.0,19.0,38.0,1.1578947368421053,4.631578947368421,0.5416666666666666,50.0,50.0,25.0,14.29,0.0,0.0,42.11,0.579,1.0,2.0
Italian Serie A,Roma,Away,190.0,72.0,47.0,71.0,54.0,11.0,7.0,4.0,10.0,26.0,74.0,302.0,300.0,233.0,0.968421052631579,4.91578947368421,0.5721181818181819,75.0,25.0,9.72,29.79,8.51,36.62,38.95,1.589,1.579,1.226
Italian Serie A,Roma,Home,190.0,85.0,41.0,64.0,76.0,7.0,2.0,7.0,12.0,38.0,75.0,399.0,375.0,190.0,1.0263157894736843,4.752631578947368,0.5353032432432432,89.41,10.59,2.35,46.34,17.07,59.38,39.47,2.1,1.974,1.0
Italian Serie A,Salernitana,Away,57.0,13.0,30.0,14.0,3.0,7.0,3.0,2.0,3.0,2.0,20.0,40.0,49.0,118.0,1.0,4.43859649122807,0.49382777777777775,23.08,76.92,23.08,16.67,6.67,14.29,35.09,0.702,0.86,2.07
Italian Serie A,Salernitana,Home,57.0,8.0,27.0,22.0,5.0,1.0,2.0,2.0,7.0,4.0,25.0,50.0,64.0,103.0,1.0526315789473684,5.192982456140351,0.5716368421052632,62.5,37.5,25.0,33.33,7.41,18.18,43.86,0.877,1.123,1.807
Italian Serie A,Sampdoria,Away,152.0,34.0,65.0,53.0,19.0,7.0,8.0,2.0,8.0,12.0,60.0,132.0,164.0,280.0,0.993421052631579,4.796052631578948,0.5594102739726028,55.88,44.12,23.53,15.38,3.08,22.64,39.47,0.868,1.079,1.842
Italian Serie A,Sampdoria,Home,152.0,39.0,53.0,60.0,30.0,6.0,3.0,5.0,7.0,25.0,62.0,212.0,219.0,200.0,0.9144736842105263,5.0855263157894735,0.5402553191489361,76.92,23.08,7.69,22.64,9.43,41.67,40.79,1.395,1.441,1.316
Italian Serie A,Sassuolo,Away,171.0,50.0,60.0,61.0,31.0,11.0,8.0,6.0,10.0,17.0,76.0,203.0,231.0,293.0,0.9590643274853801,4.754385964912281,0.5257030674846626,62.0,38.0,16.0,26.67,10.0,27.87,44.44,1.187,1.351,1.713
Italian Serie A,Sassuolo,Home,170.0,49.0,54.0,67.0,33.0,7.0,9.0,6.0,14.0,19.0,70.0,228.0,245.0,247.0,0.8823529411764706,4.852941176470588,0.5122056603773585,67.35,32.65,18.37,37.04,11.11,28.36,41.18,1.341,1.441,1.453
Italian Serie A,Spal,Away,57.0,10.0,28.0,19.0,5.0,0.0,5.0,2.0,4.0,5.0,25.0,45.0,52.0,97.0,1.0350877192982457,5.12280701754386,0.5317888888888889,50.0,50.0,50.0,21.43,7.14,26.32,43.86,0.789,0.912,1.702
Italian Serie A,Spal,Home,57.0,13.0,19.0,25.0,5.0,6.0,2.0,2.0,3.0,5.0,28.0,55.0,58.0,95.0,1.0701754385964912,5.333333333333333,0.6348942307692307,38.46,61.54,15.38,26.32,10.53,20.0,49.12,0.965,1.018,1.667
Italian Serie A,Spezia,Away,57.0,11.0,20.0,26.0,7.0,4.0,0.0,2.0,1.0,2.0,25.0,46.0,57.0,112.0,1.105263157894737,4.719298245614035,0.5710796296296297,63.64,36.36,0.0,15.0,10.0,7.69,43.86,0.807,1.0,1.965
Italian Serie A,Spezia,Home,57.0,9.0,16.0,32.0,2.0,6.0,1.0,2.0,4.0,10.0,37.0,60.0,67.0,93.0,1.1228070175438596,4.7894736842105265,0.6405185185185184,22.22,77.78,11.11,37.5,12.5,31.25,64.91,1.053,1.175,1.632
Italian Serie A,Torino,Away,190.0,45.0,61.0,84.0,27.0,12.0,6.0,3.0,14.0,20.0,82.0,213.0,232.0,278.0,0.8315789473684211,4.878947368421053,0.6016691428571429,60.0,40.0,13.33,27.87,4.92,23.81,43.16,1.121,1.221,1.463
Italian Serie A,Torino,Home,190.0,64.0,46.0,80.0,48.0,14.0,2.0,8.0,6.0,16.0,67.0,279.0,256.0,226.0,0.8157894736842105,4.568421052631579,0.5814274853801169,75.0,25.0,3.12,30.43,17.39,20.0,35.26,1.468,1.347,1.189
Italian Serie A,Udinese,Away,190.0,37.0,71.0,82.0,22.0,8.0,7.0,6.0,11.0,20.0,84.0,193.0,204.0,306.0,0.9631578947368421,4.342105263157895,0.5669779661016949,59.46,40.54,18.92,23.94,8.45,24.39,44.21,1.016,1.074,1.611
Italian Serie A,Udinese,Home,190.0,68.0,46.0,76.0,40.0,18.0,10.0,1.0,9.0,18.0,85.0,233.0,230.0,250.0,0.9157894736842105,4.831578947368421,0.5219362068965517,58.82,41.18,14.71,21.74,2.17,23.68,44.74,1.226,1.211,1.316
Italian Serie A,Venezia,Away,38.0,5.0,12.0,21.0,1.0,3.0,1.0,0.0,3.0,2.0,21.0,22.0,28.0,65.0,0.9210526315789473,4.342105263157895,0.6523828571428572,20.0,80.0,20.0,25.0,0.0,9.52,55.26,0.579,0.737,1.711
Italian Serie A,Venezia,Home,38.0,7.0,15.0,16.0,3.0,2.0,2.0,2.0,2.0,3.0,18.0,34.0,38.0,60.0,0.8947368421052632,4.868421052631579,0.5774171428571429,42.86,57.14,28.57,26.67,13.33,18.75,47.37,0.895,1.0,1.579
Italian Serie A,Verona,Away,152.0,27.0,57.0,68.0,14.0,8.0,5.0,1.0,12.0,11.0,68.0,124.0,146.0,243.0,0.8486842105263158,4.546052631578948,0.580334965034965,51.85,48.15,18.52,22.81,1.75,16.18,44.74,0.816,0.961,1.599
Italian Serie A,Verona,Home,152.0,35.0,54.0,63.0,24.0,6.0,5.0,4.0,5.0,20.0,58.0,180.0,176.0,232.0,0.8092105263157895,4.855263157894737,0.5467706293706294,68.57,31.43,14.29,16.67,7.41,31.75,38.16,1.184,1.158,1.526
Spanish La Liga,Alaves,Away,152.0,30.0,60.0,62.0,16.0,6.0,8.0,1.0,5.0,16.0,61.0,131.0,141.0,254.0,1.019736842105263,4.9144736842105265,0.6153227586206896,53.33,46.67,26.67,10.0,1.67,25.81,40.13,0.862,0.928,1.671
Spanish La Liga,Alaves,Home,152.0,35.0,38.0,79.0,25.0,10.0,0.0,3.0,8.0,30.0,75.0,217.0,154.0,164.0,0.7960526315789473,5.6644736842105265,0.6263656934306571,71.43,28.57,0.0,28.95,7.89,37.97,49.34,1.428,1.013,1.079
Spanish La Liga,Almeria,Away,38.0,7.0,15.0,16.0,3.0,2.0,2.0,0.0,0.0,0.0,13.0,18.0,41.0,82.0,0.7631578947368421,4.684210526315789,0.48602631578947364,42.86,57.14,28.57,0.0,0.0,0.0,34.21,0.474,1.079,2.158
Spanish La Liga,Almeria,Home,38.0,10.0,12.0,16.0,7.0,2.0,1.0,2.0,1.0,2.0,14.0,44.0,51.0,58.0,1.0263157894736843,5.026315789473684,0.5355696969696969,70.0,30.0,10.0,25.0,16.67,12.5,36.84,1.158,1.342,1.526
Spanish La Liga,Ath Bilbao,Away,190.0,52.0,51.0,87.0,36.0,12.0,4.0,2.0,7.0,15.0,72.0,218.0,194.0,240.0,0.8157894736842105,5.0473684210526315,0.5752497005988024,69.23,30.77,7.69,17.65,3.92,17.24,37.89,1.147,1.021,1.263
Spanish La Liga,Ath Bilbao,Home,190.0,74.0,35.0,81.0,61.0,12.0,1.0,6.0,5.0,30.0,69.0,344.0,291.0,167.0,0.7736842105263158,5.08421052631579,0.5224267441860465,82.43,17.57,1.35,31.43,17.14,37.04,36.32,1.811,1.532,0.879
Spanish La Liga,Ath Madrid,Away,190.0,60.0,38.0,92.0,48.0,10.0,2.0,4.0,9.0,40.0,85.0,327.0,275.0,168.0,0.968421052631579,5.094736842105263,0.6026230337078652,80.0,20.0,3.33,34.21,10.53,43.48,44.74,1.721,1.447,0.884
Spanish La Liga,Ath Madrid,Home,190.0,86.0,18.0,86.0,76.0,9.0,1.0,8.0,3.0,54.0,83.0,450.0,362.0,129.0,1.105263157894737,4.815789473684211,0.6316556179775281,88.37,11.63,1.16,61.11,44.44,62.79,43.68,2.368,1.905,0.679
Spanish La Liga,Barcelona,Away,190.0,78.0,39.0,73.0,67.0,8.0,3.0,12.0,8.0,39.0,77.0,397.0,407.0,189.0,1.1473684210526316,5.131578947368421,0.5853027624309393,85.9,14.1,3.85,51.28,30.77,53.42,40.53,2.089,2.142,0.995
Spanish La Liga,Barcelona,Home,190.0,107.0,19.0,64.0,99.0,4.0,4.0,5.0,3.0,41.0,63.0,459.0,500.0,159.0,1.2210526315789474,4.41578947368421,0.5516576086956522,92.52,7.48,3.74,42.11,26.32,64.06,33.16,2.416,2.632,0.837
Spanish La Liga,Betis,Away,190.0,37.0,59.0,94.0,30.0,6.0,1.0,7.0,6.0,23.0,78.0,228.0,211.0,283.0,0.8842105263157894,5.08421052631579,0.5885594117647059,81.08,18.92,2.7,22.03,11.86,24.47,41.05,1.2,1.111,1.489
Spanish La Liga,Betis,Home,190.0,64.0,38.0,88.0,44.0,14.0,6.0,3.0,14.0,39.0,101.0,310.0,279.0,232.0,0.9421052631578948,5.605263157894737,0.5852508379888268,68.75,31.25,9.38,44.74,7.89,44.32,53.16,1.632,1.468,1.221
Spanish La Liga,Cadiz,Away,76.0,15.0,30.0,31.0,8.0,5.0,2.0,0.0,6.0,7.0,31.0,69.0,56.0,121.0,0.9342105263157895,5.342105263157895,0.5670115942028986,53.33,46.67,13.33,20.0,0.0,22.58,40.79,0.908,0.737,1.592
Spanish La Liga,Cadiz,Home,76.0,19.0,19.0,38.0,11.0,6.0,2.0,0.0,7.0,9.0,37.0,89.0,71.0,96.0,0.9342105263157895,5.631578947368421,0.588803125,57.89,42.11,10.53,36.84,0.0,23.68,48.68,1.171,0.934,1.263
Spanish La Liga,Celta,Away,190.0,36.0,62.0,92.0,23.0,7.0,6.0,3.0,8.0,18.0,81.0,182.0,218.0,323.0,0.9473684210526315,5.363157894736842,0.578146783625731,63.89,36.11,16.67,17.74,4.84,19.57,42.63,0.958,1.147,1.7
Spanish La Liga,Celta,Home,190.0,67.0,56.0,67.0,51.0,13.0,3.0,6.0,15.0,22.0,81.0,288.0,281.0,243.0,0.8894736842105263,5.178947368421053,0.5557635359116022,76.12,23.88,4.48,37.5,10.71,32.84,42.63,1.516,1.479,1.279
Spanish La Liga,Eibar,Away,114.0,23.0,42.0,49.0,13.0,7.0,3.0,2.0,7.0,8.0,47.0,104.0,114.0,191.0,0.9210526315789473,4.640350877192983,0.5508857142857143,56.52,43.48,13.04,21.43,4.76,16.33,41.23,0.912,1.0,1.675
Spanish La Liga,Eibar,Home,114.0,32.0,40.0,42.0,27.0,5.0,0.0,4.0,8.0,14.0,44.0,163.0,149.0,129.0,0.9035087719298246,4.552631578947368,0.5134152380952381,84.38,15.62,0.0,30.0,10.0,33.33,38.6,1.43,1.307,1.132
Spanish La Liga,Elche,Away,57.0,8.0,27.0,22.0,4.0,3.0,1.0,1.0,3.0,4.0,25.0,38.0,44.0,101.0,0.9298245614035088,4.842105263157895,0.5476196428571428,50.0,50.0,12.5,14.81,3.7,18.18,43.86,0.667,0.772,1.772
Spanish La Liga,Elche,Home,57.0,16.0,21.0,20.0,9.0,5.0,2.0,1.0,6.0,5.0,25.0,65.0,60.0,73.0,0.9298245614035088,5.245614035087719,0.470062962962963,56.25,43.75,12.5,33.33,4.76,25.0,43.86,1.14,1.053,1.281
Spanish La Liga,Espanol,Away,152.0,31.0,57.0,64.0,14.0,11.0,6.0,0.0,9.0,14.0,68.0,126.0,144.0,252.0,0.881578947368421,5.5855263157894735,0.5701880281690141,45.16,54.84,19.35,15.79,0.0,21.88,44.74,0.829,0.947,1.658
Spanish La Liga,Espanol,Home,152.0,41.0,44.0,67.0,28.0,9.0,4.0,4.0,11.0,27.0,71.0,221.0,188.0,195.0,0.8486842105263158,5.184210526315789,0.5614902097902098,68.29,31.71,9.76,34.09,9.09,40.3,46.71,1.454,1.237,1.283
Spanish La Liga,Getafe,Away,171.0,29.0,70.0,72.0,17.0,8.0,4.0,3.0,9.0,15.0,59.0,159.0,147.0,239.0,0.7426900584795322,6.52046783625731,0.4927171052631579,58.62,41.38,13.79,17.14,4.29,20.83,34.5,0.93,0.86,1.398
Spanish La Liga,Getafe,Home,171.0,39.0,36.0,96.0,32.0,4.0,3.0,2.0,5.0,32.0,68.0,249.0,194.0,155.0,0.8362573099415205,6.093567251461988,0.5775523809523809,82.05,17.95,7.69,19.44,5.56,33.33,39.77,1.456,1.135,0.906
Spanish La Liga,Girona,Away,95.0,24.0,33.0,38.0,16.0,7.0,1.0,1.0,6.0,12.0,40.0,113.0,116.0,147.0,0.8526315789473684,5.2105263157894735,0.5514466666666666,66.67,33.33,4.17,21.21,3.03,31.58,42.11,1.189,1.221,1.547
Spanish La Liga,Girona,Home,95.0,34.0,18.0,43.0,28.0,3.0,3.0,3.0,1.0,12.0,40.0,146.0,158.0,126.0,1.0210526315789474,4.926315789473684,0.5918122222222222,82.35,17.65,8.82,22.22,16.67,27.91,42.11,1.537,1.663,1.326
Spanish La Liga,Granada,Away,114.0,18.0,57.0,39.0,11.0,7.0,0.0,2.0,7.0,4.0,43.0,77.0,117.0,236.0,1.0175438596491229,5.798245614035087,0.5560752293577981,61.11,38.89,0.0,15.79,3.51,10.26,37.72,0.675,1.026,2.07
Spanish La Liga,Granada,Home,114.0,28.0,36.0,50.0,22.0,4.0,2.0,1.0,6.0,15.0,44.0,143.0,140.0,165.0,0.7982456140350878,5.587719298245614,0.5442364485981308,78.57,21.43,7.14,19.44,2.78,30.0,38.6,1.254,1.228,1.447
Spanish La Liga,Huesca,Away,38.0,7.0,16.0,15.0,4.0,2.0,1.0,0.0,4.0,0.0,16.0,24.0,36.0,67.0,0.868421052631579,4.342105263157895,0.6114314285714285,57.14,42.86,14.29,25.0,0.0,0.0,42.11,0.632,0.947,1.763
Spanish La Liga,Huesca,Home,38.0,6.0,14.0,18.0,4.0,2.0,0.0,1.0,4.0,5.0,18.0,43.0,41.0,51.0,0.868421052631579,4.7368421052631575,0.6162727272727274,66.67,33.33,0.0,35.71,7.14,27.78,47.37,1.132,1.079,1.342
Spanish La Liga,La Coruna,Away,57.0,10.0,25.0,22.0,5.0,4.0,1.0,0.0,6.0,2.0,21.0,43.0,52.0,108.0,1.0,4.245614035087719,0.5198647058823529,50.0,50.0,10.0,24.0,0.0,9.09,36.84,0.754,0.912,1.895
Spanish La Liga,La Coruna,Home,57.0,18.0,20.0,19.0,11.0,5.0,2.0,0.0,4.0,4.0,20.0,64.0,74.0,90.0,0.7543859649122807,5.0701754385964914,0.5064134615384616,61.11,38.89,11.11,20.0,0.0,21.05,35.09,1.123,1.298,1.579
Spanish La Liga,Las Palmas,Away,95.0,14.0,46.0,35.0,10.0,2.0,2.0,1.0,8.0,3.0,40.0,60.0,81.0,180.0,0.9789473684210527,5.136842105263158,0.554632967032967,71.43,28.57,14.29,19.57,2.17,8.57,42.11,0.632,0.853,1.895
Spanish La Liga,Las Palmas,Home,95.0,22.0,28.0,45.0,13.0,7.0,2.0,2.0,4.0,16.0,47.0,117.0,114.0,129.0,1.0526315789473684,5.536842105263158,0.62688,59.09,40.91,9.09,21.43,7.14,35.56,49.47,1.232,1.2,1.358
Spanish La Liga,Leganes,Away,95.0,13.0,37.0,45.0,6.0,4.0,3.0,2.0,5.0,7.0,40.0,73.0,76.0,145.0,0.8315789473684211,5.294736842105263,0.5702953488372093,46.15,53.85,23.08,18.92,5.41,15.56,42.11,0.768,0.8,1.526
Spanish La Liga,Leganes,Home,95.0,22.0,25.0,48.0,16.0,4.0,2.0,2.0,4.0,15.0,41.0,126.0,100.0,111.0,0.8736842105263158,5.178947368421053,0.6346843373493977,72.73,27.27,9.09,24.0,8.0,31.25,43.16,1.326,1.053,1.168
Spanish La Liga,Levante,Away,114.0,20.0,39.0,55.0,11.0,5.0,4.0,0.0,5.0,11.0,54.0,91.0,120.0,213.0,1.1228070175438596,5.078947368421052,0.6184458715596329,55.0,45.0,20.0,12.82,0.0,20.0,47.37,0.798,1.053,1.868
Spanish La Liga,Levante,Home,114.0,31.0,37.0,46.0,18.0,10.0,3.0,4.0,10.0,17.0,54.0,156.0,164.0,167.0,0.956140350877193,5.631578947368421,0.6078663551401869,58.06,41.94,9.68,37.84,10.81,36.96,47.37,1.368,1.439,1.465
Spanish La Liga,Malaga,Away,57.0,5.0,24.0,28.0,3.0,2.0,0.0,1.0,3.0,3.0,23.0,37.0,39.0,84.0,0.7543859649122807,5.333333333333333,0.5741823529411765,60.0,40.0,0.0,16.67,4.17,10.71,40.35,0.649,0.684,1.474
Spanish La Liga,Malaga,Home,57.0,18.0,15.0,24.0,14.0,2.0,2.0,1.0,1.0,7.0,22.0,77.0,72.0,67.0,0.7719298245614035,5.824561403508772,0.5016660377358492,77.78,22.22,11.11,13.33,6.67,29.17,38.6,1.351,1.263,1.175
Spanish La Liga,Mallorca,Away,95.0,10.0,39.0,46.0,6.0,3.0,1.0,0.0,6.0,10.0,45.0,68.0,77.0,163.0,0.8631578947368421,5.0,0.6180822222222222,60.0,40.0,10.0,15.38,0.0,21.74,47.37,0.716,0.811,1.716
Spanish La Liga,Mallorca,Home,95.0,29.0,15.0,51.0,21.0,6.0,2.0,1.0,2.0,16.0,42.0,142.0,104.0,96.0,0.7263157894736842,5.494736842105263,0.5525785714285715,72.41,27.59,6.9,20.0,6.67,31.37,44.21,1.495,1.095,1.011
Spanish La Liga,Osasuna,Away,133.0,31.0,48.0,54.0,17.0,9.0,5.0,3.0,6.0,11.0,52.0,133.0,127.0,210.0,0.9022556390977443,4.390977443609023,0.6230295081967213,54.84,45.16,16.13,18.75,6.25,20.37,39.1,1.0,0.955,1.579
Spanish La Liga,Osasuna,Home,133.0,33.0,38.0,62.0,23.0,8.0,2.0,2.0,6.0,23.0,56.0,182.0,163.0,187.0,0.8646616541353384,4.917293233082707,0.580915,69.7,30.3,6.06,21.05,5.26,37.1,42.11,1.368,1.226,1.406
Spanish La Liga,Real Madrid,Away,190.0,85.0,31.0,74.0,73.0,11.0,1.0,7.0,6.0,35.0,74.0,387.0,372.0,197.0,0.9263157894736842,4.984210526315789,0.5431396648044693,85.88,14.12,1.18,41.94,22.58,47.3,38.95,2.037,1.958,1.037
Spanish La Liga,Real Madrid,Home,190.0,98.0,22.0,70.0,95.0,2.0,1.0,8.0,6.0,38.0,64.0,454.0,458.0,152.0,1.231578947368421,4.126315789473685,0.5902314606741572,96.94,3.06,1.02,63.64,36.36,54.29,33.68,2.389,2.411,0.8
Spanish La Liga,Sevilla,Away,190.0,42.0,65.0,83.0,26.0,10.0,6.0,6.0,17.0,25.0,92.0,228.0,224.0,268.0,0.9052631578947369,5.573684210526316,0.5717891428571428,61.9,38.1,14.29,35.38,9.23,30.12,48.42,1.2,1.179,1.411
Spanish La Liga,Sevilla,Home,190.0,64.0,35.0,91.0,51.0,10.0,3.0,4.0,9.0,51.0,93.0,361.0,304.0,196.0,0.9578947368421052,5.405263157894737,0.5946620879120879,79.69,20.31,4.69,37.14,11.43,56.04,48.95,1.9,1.6,1.032
Spanish La Liga,Sociedad,Away,190.0,53.0,59.0,78.0,38.0,8.0,7.0,4.0,7.0,28.0,76.0,253.0,230.0,250.0,0.8842105263157894,4.878947368421053,0.5195063953488371,71.7,28.3,13.21,18.64,6.78,35.9,40.0,1.332,1.211,1.316
Spanish La Liga,Sociedad,Home,190.0,70.0,35.0,85.0,59.0,6.0,5.0,3.0,8.0,27.0,73.0,315.0,277.0,199.0,0.8578947368421053,5.168421052631579,0.5492965517241378,84.29,15.71,7.14,31.43,8.57,31.76,38.42,1.658,1.458,1.047
Spanish La Liga,Sp Gijon,Away,38.0,4.0,15.0,19.0,3.0,0.0,1.0,0.0,2.0,2.0,13.0,26.0,28.0,68.0,0.8421052631578947,5.447368421052632,0.6592312499999999,75.0,25.0,25.0,13.33,0.0,10.53,34.21,0.684,0.737,1.789
Spanish La Liga,Sp Gijon,Home,38.0,10.0,11.0,17.0,6.0,2.0,2.0,1.0,1.0,5.0,18.0,44.0,54.0,66.0,1.0526315789473684,5.105263157894737,0.5130621621621623,60.0,40.0,20.0,18.18,9.09,29.41,47.37,1.158,1.421,1.737
Spanish La Liga,Valencia,Away,190.0,33.0,68.0,89.0,20.0,10.0,3.0,5.0,16.0,22.0,98.0,192.0,209.0,290.0,0.8789473684210526,5.4526315789473685,0.5608240223463686,60.61,39.39,9.09,30.88,7.35,24.72,51.58,1.011,1.1,1.526
Spanish La Liga,Valencia,Home,190.0,71.0,34.0,85.0,59.0,11.0,1.0,2.0,12.0,23.0,73.0,313.0,279.0,199.0,0.7631578947368421,5.5,0.5733354285714285,83.1,16.9,1.41,41.18,5.88,27.06,38.42,1.647,1.468,1.047
Spanish La Liga,Valladolid,Away,95.0,12.0,38.0,45.0,8.0,3.0,1.0,0.0,7.0,7.0,43.0,68.0,72.0,176.0,0.9263157894736842,4.88421052631579,0.6059249999999999,66.67,33.33,8.33,18.42,0.0,15.56,45.26,0.716,0.758,1.853
Spanish La Liga,Valladolid,Home,95.0,23.0,26.0,46.0,14.0,6.0,3.0,2.0,5.0,8.0,43.0,102.0,85.0,128.0,0.8421052631578947,4.905263157894737,0.6138357142857144,60.87,39.13,13.04,26.92,7.69,17.39,45.26,1.074,0.895,1.347
Spanish La Liga,Vallecano,Away,114.0,25.0,39.0,50.0,11.0,9.0,5.0,0.0,6.0,11.0,56.0,95.0,97.0,182.0,1.0175438596491229,5.307017543859649,0.5917933333333334,44.0,56.0,20.0,15.38,0.0,22.0,49.12,0.833,0.851,1.596
Spanish La Liga,Vallecano,Home,114.0,37.0,31.0,46.0,24.0,9.0,4.0,2.0,6.0,14.0,46.0,156.0,150.0,157.0,0.8157894736842105,5.2105263157894735,0.5190933333333334,64.86,35.14,10.81,25.81,6.45,30.43,40.35,1.368,1.316,1.377
Spanish La Liga,Villarreal,Away,190.0,56.0,46.0,88.0,38.0,10.0,8.0,3.0,5.0,32.0,81.0,267.0,242.0,235.0,0.8736842105263158,5.063157894736842,0.5606111764705882,67.86,32.14,14.29,17.39,6.52,36.36,42.63,1.405,1.274,1.237
Spanish La Liga,Villarreal,Home,190.0,71.0,52.0,67.0,58.0,9.0,4.0,9.0,16.0,27.0,79.0,333.0,345.0,221.0,0.9421052631578948,5.0473684210526315,0.5660361581920904,81.69,18.31,5.63,48.08,17.31,40.3,41.58,1.753,1.816,1.163
